condition_id,group_id,current_A,speed_cm_min,frequency_Hz,amplitude_mm,cooling_s,layer,width_mm,height_mm,factor,x_variable,x_value,source_file,source_row
Welding current_60.0,60.000_26.000_3.000_3.000,60.0,26.0,3.0,3.0,60.0,1,8.8175,2.2497,Welding current,Welding current (A),60.0,layer_partial.csv,2
Welding current_61.6667,61.667_26.000_3.000_3.000,61.6667,26.0,3.0,3.0,60.0,1,8.8522,2.246,Welding current,Welding current (A),61.6667,layer_partial.csv,3
Welding current_63.3333,63.333_26.000_3.000_3.000,63.3333,26.0,3.0,3.0,60.0,1,8.8758,2.2685,Welding current,Welding current (A),63.3333,layer_partial.csv,4
Welding current_65.0,65.000_26.000_3.000_3.000,65.0,26.0,3.0,3.0,60.0,1,8.9142,2.2918,Welding current,Welding current (A),65.0,layer_partial.csv,5
Welding current_66.6667,66.667_26.000_3.000_3.000,66.6667,26.0,3.0,3.0,60.0,1,9.0291,2.3514,Welding current,Welding current (A),66.6667,layer_partial.csv,6
Welding current_68.3333,68.333_26.000_3.000_3.000,68.3333,26.0,3.0,3.0,60.0,1,8.9654,2.3696,Welding current,Welding current (A),68.3333,layer_partial.csv,7
Welding current_70.0,70.000_26.000_3.000_3.000,70.0,26.0,3.0,3.0,60.0,1,9.1398,2.3941,Welding current,Welding current (A),70.0,layer_partial.csv,8
Welding current_71.6667,71.667_26.000_3.000_3.000,71.6667,26.0,3.0,3.0,60.0,1,9.1348,2.4302,Welding current,Welding current (A),71.6667,layer_partial.csv,9
Welding current_73.3333,73.333_26.000_3.000_3.000,73.3333,26.0,3.0,3.0,60.0,1,9.2385,2.5033,Welding current,Welding current (A),73.3333,layer_partial.csv,10
Welding current_75.0,75.000_26.000_3.000_3.000,75.0,26.0,3.0,3.0,60.0,1,9.3439,2.5307,Welding current,Welding current (A),75.0,layer_partial.csv,11
Welding current_76.6667,76.667_26.000_3.000_3.000,76.6667,26.0,3.0,3.0,60.0,1,9.3388,2.539,Welding current,Welding current (A),76.6667,layer_partial.csv,12
Welding current_78.3333,78.333_26.000_3.000_3.000,78.3333,26.0,3.0,3.0,60.0,1,9.4428,2.592,Welding current,Welding current (A),78.3333,layer_partial.csv,13
Welding current_80.0,80.000_26.000_3.000_3.000,80.0,26.0,3.0,3.0,60.0,1,9.5772,2.6395,Welding current,Welding current (A),80.0,layer_partial.csv,14
Welding current_81.6667,81.667_26.000_3.000_3.000,81.6667,26.0,3.0,3.0,60.0,1,9.6298,2.6756,Welding current,Welding current (A),81.6667,layer_partial.csv,15
Welding current_83.3333,83.333_26.000_3.000_3.000,83.3333,26.0,3.0,3.0,60.0,1,9.7086,2.7596,Welding current,Welding current (A),83.3333,layer_partial.csv,16
Welding current_85.0,85.000_26.000_3.000_3.000,85.0,26.0,3.0,3.0,60.0,1,9.7715,2.7297,Welding current,Welding current (A),85.0,layer_partial.csv,17
Welding current_86.6667,86.667_26.000_3.000_3.000,86.6667,26.0,3.0,3.0,60.0,1,9.8322,2.8268,Welding current,Welding current (A),86.6667,layer_partial.csv,18
Welding current_88.3333,88.333_26.000_3.000_3.000,88.3333,26.0,3.0,3.0,60.0,1,9.9775,2.877,Welding current,Welding current (A),88.3333,layer_partial.csv,19
Welding current_90.0,90.000_26.000_3.000_3.000,90.0,26.0,3.0,3.0,60.0,1,10.0144,2.8986,Welding current,Welding current (A),90.0,layer_partial.csv,20
Welding current_91.6667,91.667_26.000_3.000_3.000,91.6667,26.0,3.0,3.0,60.0,1,10.1165,2.9496,Welding current,Welding current (A),91.6667,layer_partial.csv,21
Welding current_93.3333,93.333_26.000_3.000_3.000,93.3333,26.0,3.0,3.0,60.0,1,10.1447,2.9983,Welding current,Welding current (A),93.3333,layer_partial.csv,22
Welding current_95.0,95.000_26.000_3.000_3.000,95.0,26.0,3.0,3.0,60.0,1,10.2622,3.0302,Welding current,Welding current (A),95.0,layer_partial.csv,23
Welding current_96.6667,96.667_26.000_3.000_3.000,96.6667,26.0,3.0,3.0,60.0,1,10.3135,3.0638,Welding current,Welding current (A),96.6667,layer_partial.csv,24
Welding current_98.3333,98.333_26.000_3.000_3.000,98.3333,26.0,3.0,3.0,60.0,1,10.4179,3.1315,Welding current,Welding current (A),98.3333,layer_partial.csv,25
Welding current_100.0,100.000_26.000_3.000_3.000,100.0,26.0,3.0,3.0,60.0,1,10.4973,3.1662,Welding current,Welding current (A),100.0,layer_partial.csv,26
Welding current_60.0,60.000_26.000_3.000_3.000,60.0,26.0,3.0,3.0,60.0,2,8.8541,2.1879,Welding current,Welding current (A),60.0,layer_partial.csv,27
Welding current_61.6667,61.667_26.000_3.000_3.000,61.6667,26.0,3.0,3.0,60.0,2,8.8676,2.2192,Welding current,Welding current (A),61.6667,layer_partial.csv,28
Welding current_63.3333,63.333_26.000_3.000_3.000,63.3333,26.0,3.0,3.0,60.0,2,8.955,2.2428,Welding current,Welding current (A),63.3333,layer_partial.csv,29
Welding current_65.0,65.000_26.000_3.000_3.000,65.0,26.0,3.0,3.0,60.0,2,8.9817,2.3008,Welding current,Welding current (A),65.0,layer_partial.csv,30
Welding current_66.6667,66.667_26.000_3.000_3.000,66.6667,26.0,3.0,3.0,60.0,2,9.0634,2.2849,Welding current,Welding current (A),66.6667,layer_partial.csv,31
Welding current_68.3333,68.333_26.000_3.000_3.000,68.3333,26.0,3.0,3.0,60.0,2,9.0818,2.3448,Welding current,Welding current (A),68.3333,layer_partial.csv,32
Welding current_70.0,70.000_26.000_3.000_3.000,70.0,26.0,3.0,3.0,60.0,2,9.195,2.3818,Welding current,Welding current (A),70.0,layer_partial.csv,33
Welding current_71.6667,71.667_26.000_3.000_3.000,71.6667,26.0,3.0,3.0,60.0,2,9.238,2.4199,Welding current,Welding current (A),71.6667,layer_partial.csv,34
Welding current_73.3333,73.333_26.000_3.000_3.000,73.3333,26.0,3.0,3.0,60.0,2,9.3173,2.4732,Welding current,Welding current (A),73.3333,layer_partial.csv,35
Welding current_75.0,75.000_26.000_3.000_3.000,75.0,26.0,3.0,3.0,60.0,2,9.3697,2.495,Welding current,Welding current (A),75.0,layer_partial.csv,36
Welding current_76.6667,76.667_26.000_3.000_3.000,76.6667,26.0,3.0,3.0,60.0,2,9.4118,2.5344,Welding current,Welding current (A),76.6667,layer_partial.csv,37
Welding current_78.3333,78.333_26.000_3.000_3.000,78.3333,26.0,3.0,3.0,60.0,2,9.5306,2.5701,Welding current,Welding current (A),78.3333,layer_partial.csv,38
Welding current_80.0,80.000_26.000_3.000_3.000,80.0,26.0,3.0,3.0,60.0,2,9.5623,2.5993,Welding current,Welding current (A),80.0,layer_partial.csv,39
Welding current_81.6667,81.667_26.000_3.000_3.000,81.6667,26.0,3.0,3.0,60.0,2,9.655,2.6651,Welding current,Welding current (A),81.6667,layer_partial.csv,40
Welding current_83.3333,83.333_26.000_3.000_3.000,83.3333,26.0,3.0,3.0,60.0,2,9.7447,2.7099,Welding current,Welding current (A),83.3333,layer_partial.csv,41
Welding current_85.0,85.000_26.000_3.000_3.000,85.0,26.0,3.0,3.0,60.0,2,9.7858,2.7546,Welding current,Welding current (A),85.0,layer_partial.csv,42
Welding current_86.6667,86.667_26.000_3.000_3.000,86.6667,26.0,3.0,3.0,60.0,2,9.9127,2.791,Welding current,Welding current (A),86.6667,layer_partial.csv,43
Welding current_88.3333,88.333_26.000_3.000_3.000,88.3333,26.0,3.0,3.0,60.0,2,9.9323,2.8356,Welding current,Welding current (A),88.3333,layer_partial.csv,44
Welding current_90.0,90.000_26.000_3.000_3.000,90.0,26.0,3.0,3.0,60.0,2,10.0126,2.8912,Welding current,Welding current (A),90.0,layer_partial.csv,45
Welding current_91.6667,91.667_26.000_3.000_3.000,91.6667,26.0,3.0,3.0,60.0,2,10.1244,2.9248,Welding current,Welding current (A),91.6667,layer_partial.csv,46
Welding current_93.3333,93.333_26.000_3.000_3.000,93.3333,26.0,3.0,3.0,60.0,2,10.1653,2.9927,Welding current,Welding current (A),93.3333,layer_partial.csv,47
Welding current_95.0,95.000_26.000_3.000_3.000,95.0,26.0,3.0,3.0,60.0,2,10.2724,3.0137,Welding current,Welding current (A),95.0,layer_partial.csv,48
Welding current_96.6667,96.667_26.000_3.000_3.000,96.6667,26.0,3.0,3.0,60.0,2,10.3583,3.0625,Welding current,Welding current (A),96.6667,layer_partial.csv,49
Welding current_98.3333,98.333_26.000_3.000_3.000,98.3333,26.0,3.0,3.0,60.0,2,10.464,3.1171,Welding current,Welding current (A),98.3333,layer_partial.csv,50
Welding current_100.0,100.000_26.000_3.000_3.000,100.0,26.0,3.0,3.0,60.0,2,10.5426,3.1518,Welding current,Welding current (A),100.0,layer_partial.csv,51
Welding current_60.0,60.000_26.000_3.000_3.000,60.0,26.0,3.0,3.0,60.0,3,8.8538,2.178,Welding current,Welding current (A),60.0,layer_partial.csv,52
Welding current_61.6667,61.667_26.000_3.000_3.000,61.6667,26.0,3.0,3.0,60.0,3,8.914,2.2075,Welding current,Welding current (A),61.6667,layer_partial.csv,53
Welding current_63.3333,63.333_26.000_3.000_3.000,63.3333,26.0,3.0,3.0,60.0,3,8.9727,2.2093,Welding current,Welding current (A),63.3333,layer_partial.csv,54
Welding current_65.0,65.000_26.000_3.000_3.000,65.0,26.0,3.0,3.0,60.0,3,9.0371,2.2633,Welding current,Welding current (A),65.0,layer_partial.csv,55
Welding current_66.6667,66.667_26.000_3.000_3.000,66.6667,26.0,3.0,3.0,60.0,3,9.0844,2.2885,Welding current,Welding current (A),66.6667,layer_partial.csv,56
Welding current_68.3333,68.333_26.000_3.000_3.000,68.3333,26.0,3.0,3.0,60.0,3,9.1544,2.3177,Welding current,Welding current (A),68.3333,layer_partial.csv,57
Welding current_70.0,70.000_26.000_3.000_3.000,70.0,26.0,3.0,3.0,60.0,3,9.2136,2.3533,Welding current,Welding current (A),70.0,layer_partial.csv,58
Welding current_71.6667,71.667_26.000_3.000_3.000,71.6667,26.0,3.0,3.0,60.0,3,9.339,2.4256,Welding current,Welding current (A),71.6667,layer_partial.csv,59
Welding current_73.3333,73.333_26.000_3.000_3.000,73.3333,26.0,3.0,3.0,60.0,3,9.3435,2.4521,Welding current,Welding current (A),73.3333,layer_partial.csv,60
Welding current_75.0,75.000_26.000_3.000_3.000,75.0,26.0,3.0,3.0,60.0,3,9.4693,2.4352,Welding current,Welding current (A),75.0,layer_partial.csv,61
Welding current_76.6667,76.667_26.000_3.000_3.000,76.6667,26.0,3.0,3.0,60.0,3,9.4737,2.5025,Welding current,Welding current (A),76.6667,layer_partial.csv,62
Welding current_78.3333,78.333_26.000_3.000_3.000,78.3333,26.0,3.0,3.0,60.0,3,9.6072,2.5716,Welding current,Welding current (A),78.3333,layer_partial.csv,63
Welding current_80.0,80.000_26.000_3.000_3.000,80.0,26.0,3.0,3.0,60.0,3,9.6163,2.609,Welding current,Welding current (A),80.0,layer_partial.csv,64
Welding current_81.6667,81.667_26.000_3.000_3.000,81.6667,26.0,3.0,3.0,60.0,3,9.715,2.6499,Welding current,Welding current (A),81.6667,layer_partial.csv,65
Welding current_83.3333,83.333_26.000_3.000_3.000,83.3333,26.0,3.0,3.0,60.0,3,9.8122,2.6686,Welding current,Welding current (A),83.3333,layer_partial.csv,66
Welding current_85.0,85.000_26.000_3.000_3.000,85.0,26.0,3.0,3.0,60.0,3,9.9045,2.7124,Welding current,Welding current (A),85.0,layer_partial.csv,67
Welding current_86.6667,86.667_26.000_3.000_3.000,86.6667,26.0,3.0,3.0,60.0,3,9.9989,2.7477,Welding current,Welding current (A),86.6667,layer_partial.csv,68
Welding current_88.3333,88.333_26.000_3.000_3.000,88.3333,26.0,3.0,3.0,60.0,3,10.0711,2.7926,Welding current,Welding current (A),88.3333,layer_partial.csv,69
Welding current_90.0,90.000_26.000_3.000_3.000,90.0,26.0,3.0,3.0,60.0,3,10.1401,2.8631,Welding current,Welding current (A),90.0,layer_partial.csv,70
Welding current_91.6667,91.667_26.000_3.000_3.000,91.6667,26.0,3.0,3.0,60.0,3,10.1994,2.9085,Welding current,Welding current (A),91.6667,layer_partial.csv,71
Welding current_93.3333,93.333_26.000_3.000_3.000,93.3333,26.0,3.0,3.0,60.0,3,10.3542,2.9464,Welding current,Welding current (A),93.3333,layer_partial.csv,72
Welding current_95.0,95.000_26.000_3.000_3.000,95.0,26.0,3.0,3.0,60.0,3,10.384,2.9921,Welding current,Welding current (A),95.0,layer_partial.csv,73
Welding current_96.6667,96.667_26.000_3.000_3.000,96.6667,26.0,3.0,3.0,60.0,3,10.3886,3.0446,Welding current,Welding current (A),96.6667,layer_partial.csv,74
Welding current_98.3333,98.333_26.000_3.000_3.000,98.3333,26.0,3.0,3.0,60.0,3,10.5962,3.1025,Welding current,Welding current (A),98.3333,layer_partial.csv,75
Welding current_100.0,100.000_26.000_3.000_3.000,100.0,26.0,3.0,3.0,60.0,3,10.6027,3.1432,Welding current,Welding current (A),100.0,layer_partial.csv,76
Welding current_60.0,60.000_26.000_3.000_3.000,60.0,26.0,3.0,3.0,60.0,4,8.9209,2.1707,Welding current,Welding current (A),60.0,layer_partial.csv,77
Welding current_61.6667,61.667_26.000_3.000_3.000,61.6667,26.0,3.0,3.0,60.0,4,8.9886,2.1568,Welding current,Welding current (A),61.6667,layer_partial.csv,78
Welding current_63.3333,63.333_26.000_3.000_3.000,63.3333,26.0,3.0,3.0,60.0,4,9.0805,2.2115,Welding current,Welding current (A),63.3333,layer_partial.csv,79
Welding current_65.0,65.000_26.000_3.000_3.000,65.0,26.0,3.0,3.0,60.0,4,9.0924,2.2433,Welding current,Welding current (A),65.0,layer_partial.csv,80
Welding current_66.6667,66.667_26.000_3.000_3.000,66.6667,26.0,3.0,3.0,60.0,4,9.122,2.2599,Welding current,Welding current (A),66.6667,layer_partial.csv,81
Welding current_68.3333,68.333_26.000_3.000_3.000,68.3333,26.0,3.0,3.0,60.0,4,9.2239,2.296,Welding current,Welding current (A),68.3333,layer_partial.csv,82
Welding current_70.0,70.000_26.000_3.000_3.000,70.0,26.0,3.0,3.0,60.0,4,9.2412,2.3118,Welding current,Welding current (A),70.0,layer_partial.csv,83
Welding current_71.6667,71.667_26.000_3.000_3.000,71.6667,26.0,3.0,3.0,60.0,4,9.3537,2.3897,Welding current,Welding current (A),71.6667,layer_partial.csv,84
Welding current_73.3333,73.333_26.000_3.000_3.000,73.3333,26.0,3.0,3.0,60.0,4,9.4231,2.4295,Welding current,Welding current (A),73.3333,layer_partial.csv,85
Welding current_75.0,75.000_26.000_3.000_3.000,75.0,26.0,3.0,3.0,60.0,4,9.5011,2.4925,Welding current,Welding current (A),75.0,layer_partial.csv,86
Welding current_76.6667,76.667_26.000_3.000_3.000,76.6667,26.0,3.0,3.0,60.0,4,9.5426,2.4927,Welding current,Welding current (A),76.6667,layer_partial.csv,87
Welding current_78.3333,78.333_26.000_3.000_3.000,78.3333,26.0,3.0,3.0,60.0,4,9.6819,2.5256,Welding current,Welding current (A),78.3333,layer_partial.csv,88
Welding current_80.0,80.000_26.000_3.000_3.000,80.0,26.0,3.0,3.0,60.0,4,9.6762,2.5481,Welding current,Welding current (A),80.0,layer_partial.csv,89
Welding current_81.6667,81.667_26.000_3.000_3.000,81.6667,26.0,3.0,3.0,60.0,4,9.819,2.6302,Welding current,Welding current (A),81.6667,layer_partial.csv,90
Welding current_83.3333,83.333_26.000_3.000_3.000,83.3333,26.0,3.0,3.0,60.0,4,9.9131,2.6571,Welding current,Welding current (A),83.3333,layer_partial.csv,91
Welding current_85.0,85.000_26.000_3.000_3.000,85.0,26.0,3.0,3.0,60.0,4,9.949,2.6958,Welding current,Welding current (A),85.0,layer_partial.csv,92
Welding current_86.6667,86.667_26.000_3.000_3.000,86.6667,26.0,3.0,3.0,60.0,4,10.0368,2.7305,Welding current,Welding current (A),86.6667,layer_partial.csv,93
Welding current_88.3333,88.333_26.000_3.000_3.000,88.3333,26.0,3.0,3.0,60.0,4,10.0993,2.7807,Welding current,Welding current (A),88.3333,layer_partial.csv,94
Welding current_90.0,90.000_26.000_3.000_3.000,90.0,26.0,3.0,3.0,60.0,4,10.1598,2.8337,Welding current,Welding current (A),90.0,layer_partial.csv,95
Welding current_91.6667,91.667_26.000_3.000_3.000,91.6667,26.0,3.0,3.0,60.0,4,10.2054,2.8807,Welding current,Welding current (A),91.6667,layer_partial.csv,96
Welding current_93.3333,93.333_26.000_3.000_3.000,93.3333,26.0,3.0,3.0,60.0,4,10.3898,2.9396,Welding current,Welding current (A),93.3333,layer_partial.csv,97
Welding current_95.0,95.000_26.000_3.000_3.000,95.0,26.0,3.0,3.0,60.0,4,10.3896,2.9652,Welding current,Welding current (A),95.0,layer_partial.csv,98
Welding current_96.6667,96.667_26.000_3.000_3.000,96.6667,26.0,3.0,3.0,60.0,4,10.5525,3.0082,Welding current,Welding current (A),96.6667,layer_partial.csv,99
Welding current_98.3333,98.333_26.000_3.000_3.000,98.3333,26.0,3.0,3.0,60.0,4,10.5977,3.0607,Welding current,Welding current (A),98.3333,layer_partial.csv,100
Welding current_100.0,100.000_26.000_3.000_3.000,100.0,26.0,3.0,3.0,60.0,4,10.6277,3.1244,Welding current,Welding current (A),100.0,layer_partial.csv,101
Welding current_60.0,60.000_26.000_3.000_3.000,60.0,26.0,3.0,3.0,60.0,5,9.0016,2.1432,Welding current,Welding current (A),60.0,layer_partial.csv,102
Welding current_61.6667,61.667_26.000_3.000_3.000,61.6667,26.0,3.0,3.0,60.0,5,8.9732,2.141,Welding current,Welding current (A),61.6667,layer_partial.csv,103
Welding current_63.3333,63.333_26.000_3.000_3.000,63.3333,26.0,3.0,3.0,60.0,5,9.059,2.1979,Welding current,Welding current (A),63.3333,layer_partial.csv,104
Welding current_65.0,65.000_26.000_3.000_3.000,65.0,26.0,3.0,3.0,60.0,5,9.1293,2.2095,Welding current,Welding current (A),65.0,layer_partial.csv,105
Welding current_66.6667,66.667_26.000_3.000_3.000,66.6667,26.0,3.0,3.0,60.0,5,9.2,2.2693,Welding current,Welding current (A),66.6667,layer_partial.csv,106
Welding current_68.3333,68.333_26.000_3.000_3.000,68.3333,26.0,3.0,3.0,60.0,5,9.2429,2.2844,Welding current,Welding current (A),68.3333,layer_partial.csv,107
Welding current_70.0,70.000_26.000_3.000_3.000,70.0,26.0,3.0,3.0,60.0,5,9.3706,2.315,Welding current,Welding current (A),70.0,layer_partial.csv,108
Welding current_71.6667,71.667_26.000_3.000_3.000,71.6667,26.0,3.0,3.0,60.0,5,9.407,2.359,Welding current,Welding current (A),71.6667,layer_partial.csv,109
Welding current_73.3333,73.333_26.000_3.000_3.000,73.3333,26.0,3.0,3.0,60.0,5,9.3802,2.3796,Welding current,Welding current (A),73.3333,layer_partial.csv,110
Welding current_75.0,75.000_26.000_3.000_3.000,75.0,26.0,3.0,3.0,60.0,5,9.5502,2.4258,Welding current,Welding current (A),75.0,layer_partial.csv,111
Welding current_76.6667,76.667_26.000_3.000_3.000,76.6667,26.0,3.0,3.0,60.0,5,9.5822,2.4584,Welding current,Welding current (A),76.6667,layer_partial.csv,112
Welding current_78.3333,78.333_26.000_3.000_3.000,78.3333,26.0,3.0,3.0,60.0,5,9.649,2.5012,Welding current,Welding current (A),78.3333,layer_partial.csv,113
Welding current_80.0,80.000_26.000_3.000_3.000,80.0,26.0,3.0,3.0,60.0,5,9.7317,2.555,Welding current,Welding current (A),80.0,layer_partial.csv,114
Welding current_81.6667,81.667_26.000_3.000_3.000,81.6667,26.0,3.0,3.0,60.0,5,9.8317,2.597,Welding current,Welding current (A),81.6667,layer_partial.csv,115
Welding current_83.3333,83.333_26.000_3.000_3.000,83.3333,26.0,3.0,3.0,60.0,5,9.8901,2.6517,Welding current,Welding current (A),83.3333,layer_partial.csv,116
Welding current_85.0,85.000_26.000_3.000_3.000,85.0,26.0,3.0,3.0,60.0,5,9.9921,2.6813,Welding current,Welding current (A),85.0,layer_partial.csv,117
Welding current_86.6667,86.667_26.000_3.000_3.000,86.6667,26.0,3.0,3.0,60.0,5,10.0974,2.7304,Welding current,Welding current (A),86.6667,layer_partial.csv,118
Welding current_88.3333,88.333_26.000_3.000_3.000,88.3333,26.0,3.0,3.0,60.0,5,10.1232,2.7726,Welding current,Welding current (A),88.3333,layer_partial.csv,119
Welding current_90.0,90.000_26.000_3.000_3.000,90.0,26.0,3.0,3.0,60.0,5,10.2016,2.8058,Welding current,Welding current (A),90.0,layer_partial.csv,120
Welding current_91.6667,91.667_26.000_3.000_3.000,91.6667,26.0,3.0,3.0,60.0,5,10.2918,2.8696,Welding current,Welding current (A),91.6667,layer_partial.csv,121
Welding current_93.3333,93.333_26.000_3.000_3.000,93.3333,26.0,3.0,3.0,60.0,5,10.3961,2.8961,Welding current,Welding current (A),93.3333,layer_partial.csv,122
Welding current_95.0,95.000_26.000_3.000_3.000,95.0,26.0,3.0,3.0,60.0,5,10.5053,2.9609,Welding current,Welding current (A),95.0,layer_partial.csv,123
Welding current_96.6667,96.667_26.000_3.000_3.000,96.6667,26.0,3.0,3.0,60.0,5,10.5984,3.0008,Welding current,Welding current (A),96.6667,layer_partial.csv,124
Welding current_98.3333,98.333_26.000_3.000_3.000,98.3333,26.0,3.0,3.0,60.0,5,10.6329,3.0403,Welding current,Welding current (A),98.3333,layer_partial.csv,125
Welding current_100.0,100.000_26.000_3.000_3.000,100.0,26.0,3.0,3.0,60.0,5,10.7122,3.0854,Welding current,Welding current (A),100.0,layer_partial.csv,126
Welding current_60.0,60.000_26.000_3.000_3.000,60.0,26.0,3.0,3.0,60.0,6,9.0245,2.1109,Welding current,Welding current (A),60.0,layer_partial.csv,127
Welding current_61.6667,61.667_26.000_3.000_3.000,61.6667,26.0,3.0,3.0,60.0,6,9.0194,2.1047,Welding current,Welding current (A),61.6667,layer_partial.csv,128
Welding current_63.3333,63.333_26.000_3.000_3.000,63.3333,26.0,3.0,3.0,60.0,6,9.1318,2.1448,Welding current,Welding current (A),63.3333,layer_partial.csv,129
Welding current_65.0,65.000_26.000_3.000_3.000,65.0,26.0,3.0,3.0,60.0,6,9.1701,2.1868,Welding current,Welding current (A),65.0,layer_partial.csv,130
Welding current_66.6667,66.667_26.000_3.000_3.000,66.6667,26.0,3.0,3.0,60.0,6,9.22,2.2273,Welding current,Welding current (A),66.6667,layer_partial.csv,131
Welding current_68.3333,68.333_26.000_3.000_3.000,68.3333,26.0,3.0,3.0,60.0,6,9.2795,2.2556,Welding current,Welding current (A),68.3333,layer_partial.csv,132
Welding current_70.0,70.000_26.000_3.000_3.000,70.0,26.0,3.0,3.0,60.0,6,9.3497,2.2868,Welding current,Welding current (A),70.0,layer_partial.csv,133
Welding current_71.6667,71.667_26.000_3.000_3.000,71.6667,26.0,3.0,3.0,60.0,6,9.4535,2.3068,Welding current,Welding current (A),71.6667,layer_partial.csv,134
Welding current_73.3333,73.333_26.000_3.000_3.000,73.3333,26.0,3.0,3.0,60.0,6,9.5032,2.3871,Welding current,Welding current (A),73.3333,layer_partial.csv,135
Welding current_75.0,75.000_26.000_3.000_3.000,75.0,26.0,3.0,3.0,60.0,6,9.5337,2.4197,Welding current,Welding current (A),75.0,layer_partial.csv,136
Welding current_76.6667,76.667_26.000_3.000_3.000,76.6667,26.0,3.0,3.0,60.0,6,9.6648,2.4277,Welding current,Welding current (A),76.6667,layer_partial.csv,137
Welding current_78.3333,78.333_26.000_3.000_3.000,78.3333,26.0,3.0,3.0,60.0,6,9.7122,2.4849,Welding current,Welding current (A),78.3333,layer_partial.csv,138
Welding current_80.0,80.000_26.000_3.000_3.000,80.0,26.0,3.0,3.0,60.0,6,9.779,2.5305,Welding current,Welding current (A),80.0,layer_partial.csv,139
Welding current_81.6667,81.667_26.000_3.000_3.000,81.6667,26.0,3.0,3.0,60.0,6,9.9173,2.5826,Welding current,Welding current (A),81.6667,layer_partial.csv,140
Welding current_83.3333,83.333_26.000_3.000_3.000,83.3333,26.0,3.0,3.0,60.0,6,9.995,2.6268,Welding current,Welding current (A),83.3333,layer_partial.csv,141
Welding current_85.0,85.000_26.000_3.000_3.000,85.0,26.0,3.0,3.0,60.0,6,10.0311,2.6599,Welding current,Welding current (A),85.0,layer_partial.csv,142
Welding current_86.6667,86.667_26.000_3.000_3.000,86.6667,26.0,3.0,3.0,60.0,6,10.1197,2.7061,Welding current,Welding current (A),86.6667,layer_partial.csv,143
Welding current_88.3333,88.333_26.000_3.000_3.000,88.3333,26.0,3.0,3.0,60.0,6,10.1925,2.748,Welding current,Welding current (A),88.3333,layer_partial.csv,144
Welding current_90.0,90.000_26.000_3.000_3.000,90.0,26.0,3.0,3.0,60.0,6,10.2372,2.788,Welding current,Welding current (A),90.0,layer_partial.csv,145
Welding current_91.6667,91.667_26.000_3.000_3.000,91.6667,26.0,3.0,3.0,60.0,6,10.3519,2.8474,Welding current,Welding current (A),91.6667,layer_partial.csv,146
Welding current_93.3333,93.333_26.000_3.000_3.000,93.3333,26.0,3.0,3.0,60.0,6,10.4383,2.8604,Welding current,Welding current (A),93.3333,layer_partial.csv,147
Welding current_95.0,95.000_26.000_3.000_3.000,95.0,26.0,3.0,3.0,60.0,6,10.5042,2.952,Welding current,Welding current (A),95.0,layer_partial.csv,148
Welding current_96.6667,96.667_26.000_3.000_3.000,96.6667,26.0,3.0,3.0,60.0,6,10.6204,2.9893,Welding current,Welding current (A),96.6667,layer_partial.csv,149
Welding current_98.3333,98.333_26.000_3.000_3.000,98.3333,26.0,3.0,3.0,60.0,6,10.6769,3.0164,Welding current,Welding current (A),98.3333,layer_partial.csv,150
Welding current_100.0,100.000_26.000_3.000_3.000,100.0,26.0,3.0,3.0,60.0,6,10.7494,3.0891,Welding current,Welding current (A),100.0,layer_partial.csv,151
Welding current_60.0,60.000_26.000_3.000_3.000,60.0,26.0,3.0,3.0,60.0,7,9.0522,2.0831,Welding current,Welding current (A),60.0,layer_partial.csv,152
Welding current_61.6667,61.667_26.000_3.000_3.000,61.6667,26.0,3.0,3.0,60.0,7,9.08,2.1304,Welding current,Welding current (A),61.6667,layer_partial.csv,153
Welding current_63.3333,63.333_26.000_3.000_3.000,63.3333,26.0,3.0,3.0,60.0,7,9.1812,2.1479,Welding current,Welding current (A),63.3333,layer_partial.csv,154
Welding current_65.0,65.000_26.000_3.000_3.000,65.0,26.0,3.0,3.0,60.0,7,9.2183,2.1608,Welding current,Welding current (A),65.0,layer_partial.csv,155
Welding current_66.6667,66.667_26.000_3.000_3.000,66.6667,26.0,3.0,3.0,60.0,7,9.2442,2.2026,Welding current,Welding current (A),66.6667,layer_partial.csv,156
Welding current_68.3333,68.333_26.000_3.000_3.000,68.3333,26.0,3.0,3.0,60.0,7,9.4013,2.2285,Welding current,Welding current (A),68.3333,layer_partial.csv,157
Welding current_70.0,70.000_26.000_3.000_3.000,70.0,26.0,3.0,3.0,60.0,7,9.416,2.2881,Welding current,Welding current (A),70.0,layer_partial.csv,158
Welding current_71.6667,71.667_26.000_3.000_3.000,71.6667,26.0,3.0,3.0,60.0,7,9.4812,2.2958,Welding current,Welding current (A),71.6667,layer_partial.csv,159
Welding current_73.3333,73.333_26.000_3.000_3.000,73.3333,26.0,3.0,3.0,60.0,7,9.5488,2.3315,Welding current,Welding current (A),73.3333,layer_partial.csv,160
Welding current_75.0,75.000_26.000_3.000_3.000,75.0,26.0,3.0,3.0,60.0,7,9.6371,2.3837,Welding current,Welding current (A),75.0,layer_partial.csv,161
Welding current_76.6667,76.667_26.000_3.000_3.000,76.6667,26.0,3.0,3.0,60.0,7,9.7069,2.4295,Welding current,Welding current (A),76.6667,layer_partial.csv,162
Welding current_78.3333,78.333_26.000_3.000_3.000,78.3333,26.0,3.0,3.0,60.0,7,9.7376,2.4791,Welding current,Welding current (A),78.3333,layer_partial.csv,163
Welding current_80.0,80.000_26.000_3.000_3.000,80.0,26.0,3.0,3.0,60.0,7,9.8736,2.5077,Welding current,Welding current (A),80.0,layer_partial.csv,164
Welding current_81.6667,81.667_26.000_3.000_3.000,81.6667,26.0,3.0,3.0,60.0,7,9.9278,2.5338,Welding current,Welding current (A),81.6667,layer_partial.csv,165
Welding current_83.3333,83.333_26.000_3.000_3.000,83.3333,26.0,3.0,3.0,60.0,7,9.9802,2.6046,Welding current,Welding current (A),83.3333,layer_partial.csv,166
Welding current_85.0,85.000_26.000_3.000_3.000,85.0,26.0,3.0,3.0,60.0,7,10.0841,2.6405,Welding current,Welding current (A),85.0,layer_partial.csv,167
Welding current_86.6667,86.667_26.000_3.000_3.000,86.6667,26.0,3.0,3.0,60.0,7,10.1197,2.6727,Welding current,Welding current (A),86.6667,layer_partial.csv,168
Welding current_88.3333,88.333_26.000_3.000_3.000,88.3333,26.0,3.0,3.0,60.0,7,10.1843,2.7175,Welding current,Welding current (A),88.3333,layer_partial.csv,169
Welding current_90.0,90.000_26.000_3.000_3.000,90.0,26.0,3.0,3.0,60.0,7,10.2923,2.7749,Welding current,Welding current (A),90.0,layer_partial.csv,170
Welding current_91.6667,91.667_26.000_3.000_3.000,91.6667,26.0,3.0,3.0,60.0,7,10.4332,2.8064,Welding current,Welding current (A),91.6667,layer_partial.csv,171
Welding current_93.3333,93.333_26.000_3.000_3.000,93.3333,26.0,3.0,3.0,60.0,7,10.4685,2.8664,Welding current,Welding current (A),93.3333,layer_partial.csv,172
Welding current_95.0,95.000_26.000_3.000_3.000,95.0,26.0,3.0,3.0,60.0,7,10.5594,2.92,Welding current,Welding current (A),95.0,layer_partial.csv,173
Welding current_96.6667,96.667_26.000_3.000_3.000,96.6667,26.0,3.0,3.0,60.0,7,10.6465,2.9473,Welding current,Welding current (A),96.6667,layer_partial.csv,174
Welding current_98.3333,98.333_26.000_3.000_3.000,98.3333,26.0,3.0,3.0,60.0,7,10.7345,2.9798,Welding current,Welding current (A),98.3333,layer_partial.csv,175
Welding current_100.0,100.000_26.000_3.000_3.000,100.0,26.0,3.0,3.0,60.0,7,10.876,3.0684,Welding current,Welding current (A),100.0,layer_partial.csv,176
Welding current_60.0,60.000_26.000_3.000_3.000,60.0,26.0,3.0,3.0,60.0,8,9.0746,2.0585,Welding current,Welding current (A),60.0,layer_partial.csv,177
Welding current_61.6667,61.667_26.000_3.000_3.000,61.6667,26.0,3.0,3.0,60.0,8,9.1779,2.0968,Welding current,Welding current (A),61.6667,layer_partial.csv,178
Welding current_63.3333,63.333_26.000_3.000_3.000,63.3333,26.0,3.0,3.0,60.0,8,9.2347,2.1265,Welding current,Welding current (A),63.3333,layer_partial.csv,179
Welding current_65.0,65.000_26.000_3.000_3.000,65.0,26.0,3.0,3.0,60.0,8,9.2259,2.1608,Welding current,Welding current (A),65.0,layer_partial.csv,180
Welding current_66.6667,66.667_26.000_3.000_3.000,66.6667,26.0,3.0,3.0,60.0,8,9.3337,2.18,Welding current,Welding current (A),66.6667,layer_partial.csv,181
Welding current_68.3333,68.333_26.000_3.000_3.000,68.3333,26.0,3.0,3.0,60.0,8,9.4249,2.2015,Welding current,Welding current (A),68.3333,layer_partial.csv,182
Welding current_70.0,70.000_26.000_3.000_3.000,70.0,26.0,3.0,3.0,60.0,8,9.4897,2.2388,Welding current,Welding current (A),70.0,layer_partial.csv,183
Welding current_71.6667,71.667_26.000_3.000_3.000,71.6667,26.0,3.0,3.0,60.0,8,9.6089,2.3016,Welding current,Welding current (A),71.6667,layer_partial.csv,184
Welding current_73.3333,73.333_26.000_3.000_3.000,73.3333,26.0,3.0,3.0,60.0,8,9.6256,2.2998,Welding current,Welding current (A),73.3333,layer_partial.csv,185
Welding current_75.0,75.000_26.000_3.000_3.000,75.0,26.0,3.0,3.0,60.0,8,9.6464,2.3553,Welding current,Welding current (A),75.0,layer_partial.csv,186
Welding current_76.6667,76.667_26.000_3.000_3.000,76.6667,26.0,3.0,3.0,60.0,8,9.791,2.3823,Welding current,Welding current (A),76.6667,layer_partial.csv,187
Welding current_78.3333,78.333_26.000_3.000_3.000,78.3333,26.0,3.0,3.0,60.0,8,9.8091,2.4502,Welding current,Welding current (A),78.3333,layer_partial.csv,188
Welding current_80.0,80.000_26.000_3.000_3.000,80.0,26.0,3.0,3.0,60.0,8,9.9148,2.4878,Welding current,Welding current (A),80.0,layer_partial.csv,189
Welding current_81.6667,81.667_26.000_3.000_3.000,81.6667,26.0,3.0,3.0,60.0,8,9.9893,2.5268,Welding current,Welding current (A),81.6667,layer_partial.csv,190
Welding current_83.3333,83.333_26.000_3.000_3.000,83.3333,26.0,3.0,3.0,60.0,8,10.0172,2.5808,Welding current,Welding current (A),83.3333,layer_partial.csv,191
Welding current_85.0,85.000_26.000_3.000_3.000,85.0,26.0,3.0,3.0,60.0,8,10.1541,2.6065,Welding current,Welding current (A),85.0,layer_partial.csv,192
Welding current_86.6667,86.667_26.000_3.000_3.000,86.6667,26.0,3.0,3.0,60.0,8,10.2028,2.6643,Welding current,Welding current (A),86.6667,layer_partial.csv,193
Welding current_88.3333,88.333_26.000_3.000_3.000,88.3333,26.0,3.0,3.0,60.0,8,10.2711,2.7161,Welding current,Welding current (A),88.3333,layer_partial.csv,194
Welding current_90.0,90.000_26.000_3.000_3.000,90.0,26.0,3.0,3.0,60.0,8,10.4202,2.7397,Welding current,Welding current (A),90.0,layer_partial.csv,195
Welding current_91.6667,91.667_26.000_3.000_3.000,91.6667,26.0,3.0,3.0,60.0,8,10.467,2.7966,Welding current,Welding current (A),91.6667,layer_partial.csv,196
Welding current_93.3333,93.333_26.000_3.000_3.000,93.3333,26.0,3.0,3.0,60.0,8,10.561,2.8799,Welding current,Welding current (A),93.3333,layer_partial.csv,197
Welding current_95.0,95.000_26.000_3.000_3.000,95.0,26.0,3.0,3.0,60.0,8,10.6846,2.901,Welding current,Welding current (A),95.0,layer_partial.csv,198
Welding current_96.6667,96.667_26.000_3.000_3.000,96.6667,26.0,3.0,3.0,60.0,8,10.7425,2.9291,Welding current,Welding current (A),96.6667,layer_partial.csv,199
Welding current_98.3333,98.333_26.000_3.000_3.000,98.3333,26.0,3.0,3.0,60.0,8,10.7944,2.9998,Welding current,Welding current (A),98.3333,layer_partial.csv,200
Welding current_100.0,100.000_26.000_3.000_3.000,100.0,26.0,3.0,3.0,60.0,8,10.9285,3.0522,Welding current,Welding current (A),100.0,layer_partial.csv,201
Welding current_60.0,60.000_26.000_3.000_3.000,60.0,26.0,3.0,3.0,60.0,9,9.1561,2.0392,Welding current,Welding current (A),60.0,layer_partial.csv,202
Welding current_61.6667,61.667_26.000_3.000_3.000,61.6667,26.0,3.0,3.0,60.0,9,9.1972,2.0593,Welding current,Welding current (A),61.6667,layer_partial.csv,203
Welding current_63.3333,63.333_26.000_3.000_3.000,63.3333,26.0,3.0,3.0,60.0,9,9.2683,2.0883,Welding current,Welding current (A),63.3333,layer_partial.csv,204
Welding current_65.0,65.000_26.000_3.000_3.000,65.0,26.0,3.0,3.0,60.0,9,9.3428,2.1053,Welding current,Welding current (A),65.0,layer_partial.csv,205
Welding current_66.6667,66.667_26.000_3.000_3.000,66.6667,26.0,3.0,3.0,60.0,9,9.368,2.1487,Welding current,Welding current (A),66.6667,layer_partial.csv,206
Welding current_68.3333,68.333_26.000_3.000_3.000,68.3333,26.0,3.0,3.0,60.0,9,9.4528,2.1928,Welding current,Welding current (A),68.3333,layer_partial.csv,207
Welding current_70.0,70.000_26.000_3.000_3.000,70.0,26.0,3.0,3.0,60.0,9,9.5225,2.2389,Welding current,Welding current (A),70.0,layer_partial.csv,208
Welding current_71.6667,71.667_26.000_3.000_3.000,71.6667,26.0,3.0,3.0,60.0,9,9.5753,2.2821,Welding current,Welding current (A),71.6667,layer_partial.csv,209
Welding current_73.3333,73.333_26.000_3.000_3.000,73.3333,26.0,3.0,3.0,60.0,9,9.6943,2.306,Welding current,Welding current (A),73.3333,layer_partial.csv,210
Welding current_75.0,75.000_26.000_3.000_3.000,75.0,26.0,3.0,3.0,60.0,9,9.6812,2.3538,Welding current,Welding current (A),75.0,layer_partial.csv,211
Welding current_76.6667,76.667_26.000_3.000_3.000,76.6667,26.0,3.0,3.0,60.0,9,9.7771,2.3504,Welding current,Welding current (A),76.6667,layer_partial.csv,212
Welding current_78.3333,78.333_26.000_3.000_3.000,78.3333,26.0,3.0,3.0,60.0,9,9.8762,2.4368,Welding current,Welding current (A),78.3333,layer_partial.csv,213
Welding current_80.0,80.000_26.000_3.000_3.000,80.0,26.0,3.0,3.0,60.0,9,9.9944,2.443,Welding current,Welding current (A),80.0,layer_partial.csv,214
Welding current_81.6667,81.667_26.000_3.000_3.000,81.6667,26.0,3.0,3.0,60.0,9,10.0252,2.5089,Welding current,Welding current (A),81.6667,layer_partial.csv,215
Welding current_83.3333,83.333_26.000_3.000_3.000,83.3333,26.0,3.0,3.0,60.0,9,10.0905,2.5552,Welding current,Welding current (A),83.3333,layer_partial.csv,216
Welding current_85.0,85.000_26.000_3.000_3.000,85.0,26.0,3.0,3.0,60.0,9,10.1656,2.5661,Welding current,Welding current (A),85.0,layer_partial.csv,217
Welding current_86.6667,86.667_26.000_3.000_3.000,86.6667,26.0,3.0,3.0,60.0,9,10.2563,2.6351,Welding current,Welding current (A),86.6667,layer_partial.csv,218
Welding current_88.3333,88.333_26.000_3.000_3.000,88.3333,26.0,3.0,3.0,60.0,9,10.3476,2.6982,Welding current,Welding current (A),88.3333,layer_partial.csv,219
Welding current_90.0,90.000_26.000_3.000_3.000,90.0,26.0,3.0,3.0,60.0,9,10.4714,2.7055,Welding current,Welding current (A),90.0,layer_partial.csv,220
Welding current_91.6667,91.667_26.000_3.000_3.000,91.6667,26.0,3.0,3.0,60.0,9,10.5267,2.7617,Welding current,Welding current (A),91.6667,layer_partial.csv,221
Welding current_93.3333,93.333_26.000_3.000_3.000,93.3333,26.0,3.0,3.0,60.0,9,10.5118,2.8332,Welding current,Welding current (A),93.3333,layer_partial.csv,222
Welding current_95.0,95.000_26.000_3.000_3.000,95.0,26.0,3.0,3.0,60.0,9,10.715,2.8598,Welding current,Welding current (A),95.0,layer_partial.csv,223
Welding current_96.6667,96.667_26.000_3.000_3.000,96.6667,26.0,3.0,3.0,60.0,9,10.7716,2.9175,Welding current,Welding current (A),96.6667,layer_partial.csv,224
Welding current_98.3333,98.333_26.000_3.000_3.000,98.3333,26.0,3.0,3.0,60.0,9,10.8494,2.9624,Welding current,Welding current (A),98.3333,layer_partial.csv,225
Welding current_100.0,100.000_26.000_3.000_3.000,100.0,26.0,3.0,3.0,60.0,9,10.9453,2.9992,Welding current,Welding current (A),100.0,layer_partial.csv,226
Welding current_60.0,60.000_26.000_3.000_3.000,60.0,26.0,3.0,3.0,60.0,10,9.2407,2.0393,Welding current,Welding current (A),60.0,layer_partial.csv,227
Welding current_61.6667,61.667_26.000_3.000_3.000,61.6667,26.0,3.0,3.0,60.0,10,9.2588,2.0332,Welding current,Welding current (A),61.6667,layer_partial.csv,228
Welding current_63.3333,63.333_26.000_3.000_3.000,63.3333,26.0,3.0,3.0,60.0,10,9.3498,2.0567,Welding current,Welding current (A),63.3333,layer_partial.csv,229
Welding current_65.0,65.000_26.000_3.000_3.000,65.0,26.0,3.0,3.0,60.0,10,9.4128,2.1057,Welding current,Welding current (A),65.0,layer_partial.csv,230
Welding current_66.6667,66.667_26.000_3.000_3.000,66.6667,26.0,3.0,3.0,60.0,10,9.4411,2.1407,Welding current,Welding current (A),66.6667,layer_partial.csv,231
Welding current_68.3333,68.333_26.000_3.000_3.000,68.3333,26.0,3.0,3.0,60.0,10,9.4873,2.1738,Welding current,Welding current (A),68.3333,layer_partial.csv,232
Welding current_70.0,70.000_26.000_3.000_3.000,70.0,26.0,3.0,3.0,60.0,10,9.5381,2.2136,Welding current,Welding current (A),70.0,layer_partial.csv,233
Welding current_71.6667,71.667_26.000_3.000_3.000,71.6667,26.0,3.0,3.0,60.0,10,9.6559,2.2519,Welding current,Welding current (A),71.6667,layer_partial.csv,234
Welding current_73.3333,73.333_26.000_3.000_3.000,73.3333,26.0,3.0,3.0,60.0,10,9.7055,2.2967,Welding current,Welding current (A),73.3333,layer_partial.csv,235
Welding current_75.0,75.000_26.000_3.000_3.000,75.0,26.0,3.0,3.0,60.0,10,9.7862,2.3173,Welding current,Welding current (A),75.0,layer_partial.csv,236
Welding current_76.6667,76.667_26.000_3.000_3.000,76.6667,26.0,3.0,3.0,60.0,10,9.8736,2.361,Welding current,Welding current (A),76.6667,layer_partial.csv,237
Welding current_78.3333,78.333_26.000_3.000_3.000,78.3333,26.0,3.0,3.0,60.0,10,9.9557,2.3988,Welding current,Welding current (A),78.3333,layer_partial.csv,238
Welding current_80.0,80.000_26.000_3.000_3.000,80.0,26.0,3.0,3.0,60.0,10,10.0368,2.434,Welding current,Welding current (A),80.0,layer_partial.csv,239
Welding current_81.6667,81.667_26.000_3.000_3.000,81.6667,26.0,3.0,3.0,60.0,10,10.1017,2.4856,Welding current,Welding current (A),81.6667,layer_partial.csv,240
Welding current_83.3333,83.333_26.000_3.000_3.000,83.3333,26.0,3.0,3.0,60.0,10,10.195,2.5265,Welding current,Welding current (A),83.3333,layer_partial.csv,241
Welding current_85.0,85.000_26.000_3.000_3.000,85.0,26.0,3.0,3.0,60.0,10,10.2368,2.5523,Welding current,Welding current (A),85.0,layer_partial.csv,242
Welding current_86.6667,86.667_26.000_3.000_3.000,86.6667,26.0,3.0,3.0,60.0,10,10.2954,2.6118,Welding current,Welding current (A),86.6667,layer_partial.csv,243
Welding current_88.3333,88.333_26.000_3.000_3.000,88.3333,26.0,3.0,3.0,60.0,10,10.3664,2.6665,Welding current,Welding current (A),88.3333,layer_partial.csv,244
Welding current_90.0,90.000_26.000_3.000_3.000,90.0,26.0,3.0,3.0,60.0,10,10.5192,2.7103,Welding current,Welding current (A),90.0,layer_partial.csv,245
Welding current_91.6667,91.667_26.000_3.000_3.000,91.6667,26.0,3.0,3.0,60.0,10,10.563,2.7481,Welding current,Welding current (A),91.6667,layer_partial.csv,246
Welding current_93.3333,93.333_26.000_3.000_3.000,93.3333,26.0,3.0,3.0,60.0,10,10.6412,2.8117,Welding current,Welding current (A),93.3333,layer_partial.csv,247
Welding current_95.0,95.000_26.000_3.000_3.000,95.0,26.0,3.0,3.0,60.0,10,10.7174,2.8639,Welding current,Welding current (A),95.0,layer_partial.csv,248
Welding current_96.6667,96.667_26.000_3.000_3.000,96.6667,26.0,3.0,3.0,60.0,10,10.8141,2.9009,Welding current,Welding current (A),96.6667,layer_partial.csv,249
Welding current_98.3333,98.333_26.000_3.000_3.000,98.3333,26.0,3.0,3.0,60.0,10,10.904,2.95,Welding current,Welding current (A),98.3333,layer_partial.csv,250
Welding current_100.0,100.000_26.000_3.000_3.000,100.0,26.0,3.0,3.0,60.0,10,11.0078,2.9917,Welding current,Welding current (A),100.0,layer_partial.csv,251
Welding speed_22.0,80.000_22.000_3.000_3.000,80.0,22.0,3.0,3.0,60.0,1,10.1142,2.9539,Welding speed,Welding speed (cm/min),22.0,layer_partial.csv,252
Welding speed_22.3333,80.000_22.333_3.000_3.000,80.0,22.3333,3.0,3.0,60.0,1,10.0879,2.9237,Welding speed,Welding speed (cm/min),22.3333,layer_partial.csv,253
Welding speed_22.6667,80.000_22.667_3.000_3.000,80.0,22.6667,3.0,3.0,60.0,1,10.0782,2.9033,Welding speed,Welding speed (cm/min),22.6667,layer_partial.csv,254
Welding speed_23.0,80.000_23.000_3.000_3.000,80.0,23.0,3.0,3.0,60.0,1,10.0958,2.9067,Welding speed,Welding speed (cm/min),23.0,layer_partial.csv,255
Welding speed_23.3333,80.000_23.333_3.000_3.000,80.0,23.3333,3.0,3.0,60.0,1,10.0777,2.8732,Welding speed,Welding speed (cm/min),23.3333,layer_partial.csv,256
Welding speed_23.6667,80.000_23.667_3.000_3.000,80.0,23.6667,3.0,3.0,60.0,1,10.0886,2.8591,Welding speed,Welding speed (cm/min),23.6667,layer_partial.csv,257
Welding speed_24.0,80.000_24.000_3.000_3.000,80.0,24.0,3.0,3.0,60.0,1,10.0721,2.8354,Welding speed,Welding speed (cm/min),24.0,layer_partial.csv,258
Welding speed_24.3333,80.000_24.333_3.000_3.000,80.0,24.3333,3.0,3.0,60.0,1,10.0484,2.8097,Welding speed,Welding speed (cm/min),24.3333,layer_partial.csv,259
Welding speed_24.6667,80.000_24.667_3.000_3.000,80.0,24.6667,3.0,3.0,60.0,1,10.0443,2.8064,Welding speed,Welding speed (cm/min),24.6667,layer_partial.csv,260
Welding speed_25.0,80.000_25.000_3.000_3.000,80.0,25.0,3.0,3.0,60.0,1,10.043,2.7869,Welding speed,Welding speed (cm/min),25.0,layer_partial.csv,261
Welding speed_25.3333,80.000_25.333_3.000_3.000,80.0,25.3333,3.0,3.0,60.0,1,10.022,2.756,Welding speed,Welding speed (cm/min),25.3333,layer_partial.csv,262
Welding speed_25.6667,80.000_25.667_3.000_3.000,80.0,25.6667,3.0,3.0,60.0,1,9.9946,2.7228,Welding speed,Welding speed (cm/min),25.6667,layer_partial.csv,263
Welding speed_26.0,80.000_26.000_3.000_3.000,80.0,26.0,3.0,3.0,60.0,1,10.004,2.7183,Welding speed,Welding speed (cm/min),26.0,layer_partial.csv,264
Welding speed_26.3333,80.000_26.333_3.000_3.000,80.0,26.3333,3.0,3.0,60.0,1,9.9819,2.7056,Welding speed,Welding speed (cm/min),26.3333,layer_partial.csv,265
Welding speed_26.6667,80.000_26.667_3.000_3.000,80.0,26.6667,3.0,3.0,60.0,1,9.9697,2.6793,Welding speed,Welding speed (cm/min),26.6667,layer_partial.csv,266
Welding speed_27.0,80.000_27.000_3.000_3.000,80.0,27.0,3.0,3.0,60.0,1,9.941,2.6584,Welding speed,Welding speed (cm/min),27.0,layer_partial.csv,267
Welding speed_27.3333,80.000_27.333_3.000_3.000,80.0,27.3333,3.0,3.0,60.0,1,9.9559,2.6462,Welding speed,Welding speed (cm/min),27.3333,layer_partial.csv,268
Welding speed_27.6667,80.000_27.667_3.000_3.000,80.0,27.6667,3.0,3.0,60.0,1,9.9133,2.6324,Welding speed,Welding speed (cm/min),27.6667,layer_partial.csv,269
Welding speed_28.0,80.000_28.000_3.000_3.000,80.0,28.0,3.0,3.0,60.0,1,9.9099,2.6007,Welding speed,Welding speed (cm/min),28.0,layer_partial.csv,270
Welding speed_28.3333,80.000_28.333_3.000_3.000,80.0,28.3333,3.0,3.0,60.0,1,9.9295,2.5862,Welding speed,Welding speed (cm/min),28.3333,layer_partial.csv,271
Welding speed_28.6667,80.000_28.667_3.000_3.000,80.0,28.6667,3.0,3.0,60.0,1,9.8968,2.5592,Welding speed,Welding speed (cm/min),28.6667,layer_partial.csv,272
Welding speed_29.0,80.000_29.000_3.000_3.000,80.0,29.0,3.0,3.0,60.0,1,9.892,2.5571,Welding speed,Welding speed (cm/min),29.0,layer_partial.csv,273
Welding speed_29.3333,80.000_29.333_3.000_3.000,80.0,29.3333,3.0,3.0,60.0,1,9.853,2.5214,Welding speed,Welding speed (cm/min),29.3333,layer_partial.csv,274
Welding speed_29.6667,80.000_29.667_3.000_3.000,80.0,29.6667,3.0,3.0,60.0,1,9.8687,2.4964,Welding speed,Welding speed (cm/min),29.6667,layer_partial.csv,275
Welding speed_30.0,80.000_30.000_3.000_3.000,80.0,30.0,3.0,3.0,60.0,1,9.8413,2.4781,Welding speed,Welding speed (cm/min),30.0,layer_partial.csv,276
Welding speed_22.0,80.000_22.000_3.000_3.000,80.0,22.0,3.0,3.0,60.0,2,10.1501,2.937,Welding speed,Welding speed (cm/min),22.0,layer_partial.csv,277
Welding speed_22.3333,80.000_22.333_3.000_3.000,80.0,22.3333,3.0,3.0,60.0,2,10.1642,2.9074,Welding speed,Welding speed (cm/min),22.3333,layer_partial.csv,278
Welding speed_22.6667,80.000_22.667_3.000_3.000,80.0,22.6667,3.0,3.0,60.0,2,10.1329,2.8822,Welding speed,Welding speed (cm/min),22.6667,layer_partial.csv,279
Welding speed_23.0,80.000_23.000_3.000_3.000,80.0,23.0,3.0,3.0,60.0,2,10.1519,2.8734,Welding speed,Welding speed (cm/min),23.0,layer_partial.csv,280
Welding speed_23.3333,80.000_23.333_3.000_3.000,80.0,23.3333,3.0,3.0,60.0,2,10.1253,2.8453,Welding speed,Welding speed (cm/min),23.3333,layer_partial.csv,281
Welding speed_23.6667,80.000_23.667_3.000_3.000,80.0,23.6667,3.0,3.0,60.0,2,10.1242,2.831,Welding speed,Welding speed (cm/min),23.6667,layer_partial.csv,282
Welding speed_24.0,80.000_24.000_3.000_3.000,80.0,24.0,3.0,3.0,60.0,2,10.103,2.8195,Welding speed,Welding speed (cm/min),24.0,layer_partial.csv,283
Welding speed_24.3333,80.000_24.333_3.000_3.000,80.0,24.3333,3.0,3.0,60.0,2,10.1043,2.8109,Welding speed,Welding speed (cm/min),24.3333,layer_partial.csv,284
Welding speed_24.6667,80.000_24.667_3.000_3.000,80.0,24.6667,3.0,3.0,60.0,2,10.0849,2.8001,Welding speed,Welding speed (cm/min),24.6667,layer_partial.csv,285
Welding speed_25.0,80.000_25.000_3.000_3.000,80.0,25.0,3.0,3.0,60.0,2,10.0845,2.7447,Welding speed,Welding speed (cm/min),25.0,layer_partial.csv,286
Welding speed_25.3333,80.000_25.333_3.000_3.000,80.0,25.3333,3.0,3.0,60.0,2,10.0483,2.7341,Welding speed,Welding speed (cm/min),25.3333,layer_partial.csv,287
Welding speed_25.6667,80.000_25.667_3.000_3.000,80.0,25.6667,3.0,3.0,60.0,2,10.0379,2.7094,Welding speed,Welding speed (cm/min),25.6667,layer_partial.csv,288
Welding speed_26.0,80.000_26.000_3.000_3.000,80.0,26.0,3.0,3.0,60.0,2,10.041,2.7018,Welding speed,Welding speed (cm/min),26.0,layer_partial.csv,289
Welding speed_26.3333,80.000_26.333_3.000_3.000,80.0,26.3333,3.0,3.0,60.0,2,10.0209,2.6882,Welding speed,Welding speed (cm/min),26.3333,layer_partial.csv,290
Welding speed_26.6667,80.000_26.667_3.000_3.000,80.0,26.6667,3.0,3.0,60.0,2,9.9882,2.6621,Welding speed,Welding speed (cm/min),26.6667,layer_partial.csv,291
Welding speed_27.0,80.000_27.000_3.000_3.000,80.0,27.0,3.0,3.0,60.0,2,10.0065,2.644,Welding speed,Welding speed (cm/min),27.0,layer_partial.csv,292
Welding speed_27.3333,80.000_27.333_3.000_3.000,80.0,27.3333,3.0,3.0,60.0,2,9.9829,2.6247,Welding speed,Welding speed (cm/min),27.3333,layer_partial.csv,293
Welding speed_27.6667,80.000_27.667_3.000_3.000,80.0,27.6667,3.0,3.0,60.0,2,9.9646,2.6149,Welding speed,Welding speed (cm/min),27.6667,layer_partial.csv,294
Welding speed_28.0,80.000_28.000_3.000_3.000,80.0,28.0,3.0,3.0,60.0,2,9.9814,2.5774,Welding speed,Welding speed (cm/min),28.0,layer_partial.csv,295
Welding speed_28.3333,80.000_28.333_3.000_3.000,80.0,28.3333,3.0,3.0,60.0,2,9.9402,2.5494,Welding speed,Welding speed (cm/min),28.3333,layer_partial.csv,296
Welding speed_28.6667,80.000_28.667_3.000_3.000,80.0,28.6667,3.0,3.0,60.0,2,9.9715,2.5432,Welding speed,Welding speed (cm/min),28.6667,layer_partial.csv,297
Welding speed_29.0,80.000_29.000_3.000_3.000,80.0,29.0,3.0,3.0,60.0,2,9.9268,2.5131,Welding speed,Welding speed (cm/min),29.0,layer_partial.csv,298
Welding speed_29.3333,80.000_29.333_3.000_3.000,80.0,29.3333,3.0,3.0,60.0,2,9.9125,2.5066,Welding speed,Welding speed (cm/min),29.3333,layer_partial.csv,299
Welding speed_29.6667,80.000_29.667_3.000_3.000,80.0,29.6667,3.0,3.0,60.0,2,9.9035,2.4739,Welding speed,Welding speed (cm/min),29.6667,layer_partial.csv,300
Welding speed_30.0,80.000_30.000_3.000_3.000,80.0,30.0,3.0,3.0,60.0,2,9.8932,2.4544,Welding speed,Welding speed (cm/min),30.0,layer_partial.csv,301
Welding speed_22.0,80.000_22.000_3.000_3.000,80.0,22.0,3.0,3.0,60.0,3,10.2282,2.8979,Welding speed,Welding speed (cm/min),22.0,layer_partial.csv,302
Welding speed_22.3333,80.000_22.333_3.000_3.000,80.0,22.3333,3.0,3.0,60.0,3,10.2157,2.8789,Welding speed,Welding speed (cm/min),22.3333,layer_partial.csv,303
Welding speed_22.6667,80.000_22.667_3.000_3.000,80.0,22.6667,3.0,3.0,60.0,3,10.1738,2.8732,Welding speed,Welding speed (cm/min),22.6667,layer_partial.csv,304
Welding speed_23.0,80.000_23.000_3.000_3.000,80.0,23.0,3.0,3.0,60.0,3,10.189,2.8656,Welding speed,Welding speed (cm/min),23.0,layer_partial.csv,305
Welding speed_23.3333,80.000_23.333_3.000_3.000,80.0,23.3333,3.0,3.0,60.0,3,10.1852,2.8211,Welding speed,Welding speed (cm/min),23.3333,layer_partial.csv,306
Welding speed_23.6667,80.000_23.667_3.000_3.000,80.0,23.6667,3.0,3.0,60.0,3,10.1433,2.8232,Welding speed,Welding speed (cm/min),23.6667,layer_partial.csv,307
Welding speed_24.0,80.000_24.000_3.000_3.000,80.0,24.0,3.0,3.0,60.0,3,10.1361,2.7907,Welding speed,Welding speed (cm/min),24.0,layer_partial.csv,308
Welding speed_24.3333,80.000_24.333_3.000_3.000,80.0,24.3333,3.0,3.0,60.0,3,10.1386,2.782,Welding speed,Welding speed (cm/min),24.3333,layer_partial.csv,309
Welding speed_24.6667,80.000_24.667_3.000_3.000,80.0,24.6667,3.0,3.0,60.0,3,10.0988,2.7771,Welding speed,Welding speed (cm/min),24.6667,layer_partial.csv,310
Welding speed_25.0,80.000_25.000_3.000_3.000,80.0,25.0,3.0,3.0,60.0,3,10.1172,2.7613,Welding speed,Welding speed (cm/min),25.0,layer_partial.csv,311
Welding speed_25.3333,80.000_25.333_3.000_3.000,80.0,25.3333,3.0,3.0,60.0,3,10.096,2.7263,Welding speed,Welding speed (cm/min),25.3333,layer_partial.csv,312
Welding speed_25.6667,80.000_25.667_3.000_3.000,80.0,25.6667,3.0,3.0,60.0,3,10.1117,2.6928,Welding speed,Welding speed (cm/min),25.6667,layer_partial.csv,313
Welding speed_26.0,80.000_26.000_3.000_3.000,80.0,26.0,3.0,3.0,60.0,3,10.0671,2.6887,Welding speed,Welding speed (cm/min),26.0,layer_partial.csv,314
Welding speed_26.3333,80.000_26.333_3.000_3.000,80.0,26.3333,3.0,3.0,60.0,3,10.08,2.6626,Welding speed,Welding speed (cm/min),26.3333,layer_partial.csv,315
Welding speed_26.6667,80.000_26.667_3.000_3.000,80.0,26.6667,3.0,3.0,60.0,3,10.056,2.6471,Welding speed,Welding speed (cm/min),26.6667,layer_partial.csv,316
Welding speed_27.0,80.000_27.000_3.000_3.000,80.0,27.0,3.0,3.0,60.0,3,10.0349,2.6185,Welding speed,Welding speed (cm/min),27.0,layer_partial.csv,317
Welding speed_27.3333,80.000_27.333_3.000_3.000,80.0,27.3333,3.0,3.0,60.0,3,10.0339,2.623,Welding speed,Welding speed (cm/min),27.3333,layer_partial.csv,318
Welding speed_27.6667,80.000_27.667_3.000_3.000,80.0,27.6667,3.0,3.0,60.0,3,10.0141,2.5802,Welding speed,Welding speed (cm/min),27.6667,layer_partial.csv,319
Welding speed_28.0,80.000_28.000_3.000_3.000,80.0,28.0,3.0,3.0,60.0,3,10.0051,2.5736,Welding speed,Welding speed (cm/min),28.0,layer_partial.csv,320
Welding speed_28.3333,80.000_28.333_3.000_3.000,80.0,28.3333,3.0,3.0,60.0,3,9.9992,2.5394,Welding speed,Welding speed (cm/min),28.3333,layer_partial.csv,321
Welding speed_28.6667,80.000_28.667_3.000_3.000,80.0,28.6667,3.0,3.0,60.0,3,9.9979,2.5175,Welding speed,Welding speed (cm/min),28.6667,layer_partial.csv,322
Welding speed_29.0,80.000_29.000_3.000_3.000,80.0,29.0,3.0,3.0,60.0,3,9.9661,2.5,Welding speed,Welding speed (cm/min),29.0,layer_partial.csv,323
Welding speed_29.3333,80.000_29.333_3.000_3.000,80.0,29.3333,3.0,3.0,60.0,3,9.9561,2.4799,Welding speed,Welding speed (cm/min),29.3333,layer_partial.csv,324
Welding speed_29.6667,80.000_29.667_3.000_3.000,80.0,29.6667,3.0,3.0,60.0,3,9.9402,2.4706,Welding speed,Welding speed (cm/min),29.6667,layer_partial.csv,325
Welding speed_30.0,80.000_30.000_3.000_3.000,80.0,30.0,3.0,3.0,60.0,3,9.9285,2.439,Welding speed,Welding speed (cm/min),30.0,layer_partial.csv,326
Welding speed_22.0,80.000_22.000_3.000_3.000,80.0,22.0,3.0,3.0,60.0,4,10.2441,2.8966,Welding speed,Welding speed (cm/min),22.0,layer_partial.csv,327
Welding speed_22.3333,80.000_22.333_3.000_3.000,80.0,22.3333,3.0,3.0,60.0,4,10.2446,2.8675,Welding speed,Welding speed (cm/min),22.3333,layer_partial.csv,328
Welding speed_22.6667,80.000_22.667_3.000_3.000,80.0,22.6667,3.0,3.0,60.0,4,10.2397,2.8399,Welding speed,Welding speed (cm/min),22.6667,layer_partial.csv,329
Welding speed_23.0,80.000_23.000_3.000_3.000,80.0,23.0,3.0,3.0,60.0,4,10.219,2.8368,Welding speed,Welding speed (cm/min),23.0,layer_partial.csv,330
Welding speed_23.3333,80.000_23.333_3.000_3.000,80.0,23.3333,3.0,3.0,60.0,4,10.2182,2.8151,Welding speed,Welding speed (cm/min),23.3333,layer_partial.csv,331
Welding speed_23.6667,80.000_23.667_3.000_3.000,80.0,23.6667,3.0,3.0,60.0,4,10.2148,2.7861,Welding speed,Welding speed (cm/min),23.6667,layer_partial.csv,332
Welding speed_24.0,80.000_24.000_3.000_3.000,80.0,24.0,3.0,3.0,60.0,4,10.1878,2.773,Welding speed,Welding speed (cm/min),24.0,layer_partial.csv,333
Welding speed_24.3333,80.000_24.333_3.000_3.000,80.0,24.3333,3.0,3.0,60.0,4,10.1773,2.7576,Welding speed,Welding speed (cm/min),24.3333,layer_partial.csv,334
Welding speed_24.6667,80.000_24.667_3.000_3.000,80.0,24.6667,3.0,3.0,60.0,4,10.1737,2.7233,Welding speed,Welding speed (cm/min),24.6667,layer_partial.csv,335
Welding speed_25.0,80.000_25.000_3.000_3.000,80.0,25.0,3.0,3.0,60.0,4,10.1517,2.7099,Welding speed,Welding speed (cm/min),25.0,layer_partial.csv,336
Welding speed_25.3333,80.000_25.333_3.000_3.000,80.0,25.3333,3.0,3.0,60.0,4,10.1423,2.687,Welding speed,Welding speed (cm/min),25.3333,layer_partial.csv,337
Welding speed_25.6667,80.000_25.667_3.000_3.000,80.0,25.6667,3.0,3.0,60.0,4,10.1423,2.679,Welding speed,Welding speed (cm/min),25.6667,layer_partial.csv,338
Welding speed_26.0,80.000_26.000_3.000_3.000,80.0,26.0,3.0,3.0,60.0,4,10.1201,2.6702,Welding speed,Welding speed (cm/min),26.0,layer_partial.csv,339
Welding speed_26.3333,80.000_26.333_3.000_3.000,80.0,26.3333,3.0,3.0,60.0,4,10.1191,2.6336,Welding speed,Welding speed (cm/min),26.3333,layer_partial.csv,340
Welding speed_26.6667,80.000_26.667_3.000_3.000,80.0,26.6667,3.0,3.0,60.0,4,10.104,2.6201,Welding speed,Welding speed (cm/min),26.6667,layer_partial.csv,341
Welding speed_27.0,80.000_27.000_3.000_3.000,80.0,27.0,3.0,3.0,60.0,4,10.0898,2.6092,Welding speed,Welding speed (cm/min),27.0,layer_partial.csv,342
Welding speed_27.3333,80.000_27.333_3.000_3.000,80.0,27.3333,3.0,3.0,60.0,4,10.0805,2.5906,Welding speed,Welding speed (cm/min),27.3333,layer_partial.csv,343
Welding speed_27.6667,80.000_27.667_3.000_3.000,80.0,27.6667,3.0,3.0,60.0,4,10.0728,2.5498,Welding speed,Welding speed (cm/min),27.6667,layer_partial.csv,344
Welding speed_28.0,80.000_28.000_3.000_3.000,80.0,28.0,3.0,3.0,60.0,4,10.037,2.5388,Welding speed,Welding speed (cm/min),28.0,layer_partial.csv,345
Welding speed_28.3333,80.000_28.333_3.000_3.000,80.0,28.3333,3.0,3.0,60.0,4,10.0216,2.5185,Welding speed,Welding speed (cm/min),28.3333,layer_partial.csv,346
Welding speed_28.6667,80.000_28.667_3.000_3.000,80.0,28.6667,3.0,3.0,60.0,4,10.0076,2.4943,Welding speed,Welding speed (cm/min),28.6667,layer_partial.csv,347
Welding speed_29.0,80.000_29.000_3.000_3.000,80.0,29.0,3.0,3.0,60.0,4,10.0315,2.4916,Welding speed,Welding speed (cm/min),29.0,layer_partial.csv,348
Welding speed_29.3333,80.000_29.333_3.000_3.000,80.0,29.3333,3.0,3.0,60.0,4,9.9782,2.4641,Welding speed,Welding speed (cm/min),29.3333,layer_partial.csv,349
Welding speed_29.6667,80.000_29.667_3.000_3.000,80.0,29.6667,3.0,3.0,60.0,4,9.9907,2.4433,Welding speed,Welding speed (cm/min),29.6667,layer_partial.csv,350
Welding speed_30.0,80.000_30.000_3.000_3.000,80.0,30.0,3.0,3.0,60.0,4,9.9879,2.4225,Welding speed,Welding speed (cm/min),30.0,layer_partial.csv,351
Welding speed_22.0,80.000_22.000_3.000_3.000,80.0,22.0,3.0,3.0,60.0,5,10.3163,2.8623,Welding speed,Welding speed (cm/min),22.0,layer_partial.csv,352
Welding speed_22.3333,80.000_22.333_3.000_3.000,80.0,22.3333,3.0,3.0,60.0,5,10.3003,2.8512,Welding speed,Welding speed (cm/min),22.3333,layer_partial.csv,353
Welding speed_22.6667,80.000_22.667_3.000_3.000,80.0,22.6667,3.0,3.0,60.0,5,10.2734,2.8268,Welding speed,Welding speed (cm/min),22.6667,layer_partial.csv,354
Welding speed_23.0,80.000_23.000_3.000_3.000,80.0,23.0,3.0,3.0,60.0,5,10.2653,2.8085,Welding speed,Welding speed (cm/min),23.0,layer_partial.csv,355
Welding speed_23.3333,80.000_23.333_3.000_3.000,80.0,23.3333,3.0,3.0,60.0,5,10.2618,2.7868,Welding speed,Welding speed (cm/min),23.3333,layer_partial.csv,356
Welding speed_23.6667,80.000_23.667_3.000_3.000,80.0,23.6667,3.0,3.0,60.0,5,10.2631,2.7628,Welding speed,Welding speed (cm/min),23.6667,layer_partial.csv,357
Welding speed_24.0,80.000_24.000_3.000_3.000,80.0,24.0,3.0,3.0,60.0,5,10.2363,2.7519,Welding speed,Welding speed (cm/min),24.0,layer_partial.csv,358
Welding speed_24.3333,80.000_24.333_3.000_3.000,80.0,24.3333,3.0,3.0,60.0,5,10.2355,2.7369,Welding speed,Welding speed (cm/min),24.3333,layer_partial.csv,359
Welding speed_24.6667,80.000_24.667_3.000_3.000,80.0,24.6667,3.0,3.0,60.0,5,10.2045,2.7331,Welding speed,Welding speed (cm/min),24.6667,layer_partial.csv,360
Welding speed_25.0,80.000_25.000_3.000_3.000,80.0,25.0,3.0,3.0,60.0,5,10.2085,2.6931,Welding speed,Welding speed (cm/min),25.0,layer_partial.csv,361
Welding speed_25.3333,80.000_25.333_3.000_3.000,80.0,25.3333,3.0,3.0,60.0,5,10.2052,2.6678,Welding speed,Welding speed (cm/min),25.3333,layer_partial.csv,362
Welding speed_25.6667,80.000_25.667_3.000_3.000,80.0,25.6667,3.0,3.0,60.0,5,10.1586,2.6572,Welding speed,Welding speed (cm/min),25.6667,layer_partial.csv,363
Welding speed_26.0,80.000_26.000_3.000_3.000,80.0,26.0,3.0,3.0,60.0,5,10.1675,2.6366,Welding speed,Welding speed (cm/min),26.0,layer_partial.csv,364
Welding speed_26.3333,80.000_26.333_3.000_3.000,80.0,26.3333,3.0,3.0,60.0,5,10.1581,2.6162,Welding speed,Welding speed (cm/min),26.3333,layer_partial.csv,365
Welding speed_26.6667,80.000_26.667_3.000_3.000,80.0,26.6667,3.0,3.0,60.0,5,10.1595,2.597,Welding speed,Welding speed (cm/min),26.6667,layer_partial.csv,366
Welding speed_27.0,80.000_27.000_3.000_3.000,80.0,27.0,3.0,3.0,60.0,5,10.116,2.5677,Welding speed,Welding speed (cm/min),27.0,layer_partial.csv,367
Welding speed_27.3333,80.000_27.333_3.000_3.000,80.0,27.3333,3.0,3.0,60.0,5,10.1227,2.551,Welding speed,Welding speed (cm/min),27.3333,layer_partial.csv,368
Welding speed_27.6667,80.000_27.667_3.000_3.000,80.0,27.6667,3.0,3.0,60.0,5,10.0958,2.5367,Welding speed,Welding speed (cm/min),27.6667,layer_partial.csv,369
Welding speed_28.0,80.000_28.000_3.000_3.000,80.0,28.0,3.0,3.0,60.0,5,10.0908,2.5209,Welding speed,Welding speed (cm/min),28.0,layer_partial.csv,370
Welding speed_28.3333,80.000_28.333_3.000_3.000,80.0,28.3333,3.0,3.0,60.0,5,10.0855,2.4978,Welding speed,Welding speed (cm/min),28.3333,layer_partial.csv,371
Welding speed_28.6667,80.000_28.667_3.000_3.000,80.0,28.6667,3.0,3.0,60.0,5,10.0596,2.4704,Welding speed,Welding speed (cm/min),28.6667,layer_partial.csv,372
Welding speed_29.0,80.000_29.000_3.000_3.000,80.0,29.0,3.0,3.0,60.0,5,10.0408,2.4617,Welding speed,Welding speed (cm/min),29.0,layer_partial.csv,373
Welding speed_29.3333,80.000_29.333_3.000_3.000,80.0,29.3333,3.0,3.0,60.0,5,10.0303,2.4311,Welding speed,Welding speed (cm/min),29.3333,layer_partial.csv,374
Welding speed_29.6667,80.000_29.667_3.000_3.000,80.0,29.6667,3.0,3.0,60.0,5,10.0457,2.4255,Welding speed,Welding speed (cm/min),29.6667,layer_partial.csv,375
Welding speed_30.0,80.000_30.000_3.000_3.000,80.0,30.0,3.0,3.0,60.0,5,10.0264,2.3979,Welding speed,Welding speed (cm/min),30.0,layer_partial.csv,376
Welding speed_22.0,80.000_22.000_3.000_3.000,80.0,22.0,3.0,3.0,60.0,6,10.3531,2.843,Welding speed,Welding speed (cm/min),22.0,layer_partial.csv,377
Welding speed_22.3333,80.000_22.333_3.000_3.000,80.0,22.3333,3.0,3.0,60.0,6,10.3335,2.827,Welding speed,Welding speed (cm/min),22.3333,layer_partial.csv,378
Welding speed_22.6667,80.000_22.667_3.000_3.000,80.0,22.6667,3.0,3.0,60.0,6,10.3386,2.8244,Welding speed,Welding speed (cm/min),22.6667,layer_partial.csv,379
Welding speed_23.0,80.000_23.000_3.000_3.000,80.0,23.0,3.0,3.0,60.0,6,10.3081,2.7878,Welding speed,Welding speed (cm/min),23.0,layer_partial.csv,380
Welding speed_23.3333,80.000_23.333_3.000_3.000,80.0,23.3333,3.0,3.0,60.0,6,10.3098,2.7722,Welding speed,Welding speed (cm/min),23.3333,layer_partial.csv,381
Welding speed_23.6667,80.000_23.667_3.000_3.000,80.0,23.6667,3.0,3.0,60.0,6,10.2961,2.7571,Welding speed,Welding speed (cm/min),23.6667,layer_partial.csv,382
Welding speed_24.0,80.000_24.000_3.000_3.000,80.0,24.0,3.0,3.0,60.0,6,10.2783,2.7229,Welding speed,Welding speed (cm/min),24.0,layer_partial.csv,383
Welding speed_24.3333,80.000_24.333_3.000_3.000,80.0,24.3333,3.0,3.0,60.0,6,10.2775,2.7123,Welding speed,Welding speed (cm/min),24.3333,layer_partial.csv,384
Welding speed_24.6667,80.000_24.667_3.000_3.000,80.0,24.6667,3.0,3.0,60.0,6,10.269,2.7055,Welding speed,Welding speed (cm/min),24.6667,layer_partial.csv,385
Welding speed_25.0,80.000_25.000_3.000_3.000,80.0,25.0,3.0,3.0,60.0,6,10.232,2.6603,Welding speed,Welding speed (cm/min),25.0,layer_partial.csv,386
Welding speed_25.3333,80.000_25.333_3.000_3.000,80.0,25.3333,3.0,3.0,60.0,6,10.2307,2.6506,Welding speed,Welding speed (cm/min),25.3333,layer_partial.csv,387
Welding speed_25.6667,80.000_25.667_3.000_3.000,80.0,25.6667,3.0,3.0,60.0,6,10.2239,2.6279,Welding speed,Welding speed (cm/min),25.6667,layer_partial.csv,388
Welding speed_26.0,80.000_26.000_3.000_3.000,80.0,26.0,3.0,3.0,60.0,6,10.1995,2.6253,Welding speed,Welding speed (cm/min),26.0,layer_partial.csv,389
Welding speed_26.3333,80.000_26.333_3.000_3.000,80.0,26.3333,3.0,3.0,60.0,6,10.1899,2.5912,Welding speed,Welding speed (cm/min),26.3333,layer_partial.csv,390
Welding speed_26.6667,80.000_26.667_3.000_3.000,80.0,26.6667,3.0,3.0,60.0,6,10.1859,2.5808,Welding speed,Welding speed (cm/min),26.6667,layer_partial.csv,391
Welding speed_27.0,80.000_27.000_3.000_3.000,80.0,27.0,3.0,3.0,60.0,6,10.1568,2.5618,Welding speed,Welding speed (cm/min),27.0,layer_partial.csv,392
Welding speed_27.3333,80.000_27.333_3.000_3.000,80.0,27.3333,3.0,3.0,60.0,6,10.1726,2.5356,Welding speed,Welding speed (cm/min),27.3333,layer_partial.csv,393
Welding speed_27.6667,80.000_27.667_3.000_3.000,80.0,27.6667,3.0,3.0,60.0,6,10.1326,2.5354,Welding speed,Welding speed (cm/min),27.6667,layer_partial.csv,394
Welding speed_28.0,80.000_28.000_3.000_3.000,80.0,28.0,3.0,3.0,60.0,6,10.1224,2.4962,Welding speed,Welding speed (cm/min),28.0,layer_partial.csv,395
Welding speed_28.3333,80.000_28.333_3.000_3.000,80.0,28.3333,3.0,3.0,60.0,6,10.1164,2.4646,Welding speed,Welding speed (cm/min),28.3333,layer_partial.csv,396
Welding speed_28.6667,80.000_28.667_3.000_3.000,80.0,28.6667,3.0,3.0,60.0,6,10.1061,2.4633,Welding speed,Welding speed (cm/min),28.6667,layer_partial.csv,397
Welding speed_29.0,80.000_29.000_3.000_3.000,80.0,29.0,3.0,3.0,60.0,6,10.0873,2.4295,Welding speed,Welding speed (cm/min),29.0,layer_partial.csv,398
Welding speed_29.3333,80.000_29.333_3.000_3.000,80.0,29.3333,3.0,3.0,60.0,6,10.0776,2.4095,Welding speed,Welding speed (cm/min),29.3333,layer_partial.csv,399
Welding speed_29.6667,80.000_29.667_3.000_3.000,80.0,29.6667,3.0,3.0,60.0,6,10.0615,2.3902,Welding speed,Welding speed (cm/min),29.6667,layer_partial.csv,400
Welding speed_30.0,80.000_30.000_3.000_3.000,80.0,30.0,3.0,3.0,60.0,6,10.0394,2.3782,Welding speed,Welding speed (cm/min),30.0,layer_partial.csv,401
Welding speed_22.0,80.000_22.000_3.000_3.000,80.0,22.0,3.0,3.0,60.0,7,10.392,2.7962,Welding speed,Welding speed (cm/min),22.0,layer_partial.csv,402
Welding speed_22.3333,80.000_22.333_3.000_3.000,80.0,22.3333,3.0,3.0,60.0,7,10.3691,2.814,Welding speed,Welding speed (cm/min),22.3333,layer_partial.csv,403
Welding speed_22.6667,80.000_22.667_3.000_3.000,80.0,22.6667,3.0,3.0,60.0,7,10.3903,2.7844,Welding speed,Welding speed (cm/min),22.6667,layer_partial.csv,404
Welding speed_23.0,80.000_23.000_3.000_3.000,80.0,23.0,3.0,3.0,60.0,7,10.3768,2.7578,Welding speed,Welding speed (cm/min),23.0,layer_partial.csv,405
Welding speed_23.3333,80.000_23.333_3.000_3.000,80.0,23.3333,3.0,3.0,60.0,7,10.3456,2.7514,Welding speed,Welding speed (cm/min),23.3333,layer_partial.csv,406
Welding speed_23.6667,80.000_23.667_3.000_3.000,80.0,23.6667,3.0,3.0,60.0,7,10.3423,2.7405,Welding speed,Welding speed (cm/min),23.6667,layer_partial.csv,407
Welding speed_24.0,80.000_24.000_3.000_3.000,80.0,24.0,3.0,3.0,60.0,7,10.3152,2.7094,Welding speed,Welding speed (cm/min),24.0,layer_partial.csv,408
Welding speed_24.3333,80.000_24.333_3.000_3.000,80.0,24.3333,3.0,3.0,60.0,7,10.3124,2.673,Welding speed,Welding speed (cm/min),24.3333,layer_partial.csv,409
Welding speed_24.6667,80.000_24.667_3.000_3.000,80.0,24.6667,3.0,3.0,60.0,7,10.2946,2.6771,Welding speed,Welding speed (cm/min),24.6667,layer_partial.csv,410
Welding speed_25.0,80.000_25.000_3.000_3.000,80.0,25.0,3.0,3.0,60.0,7,10.2722,2.6509,Welding speed,Welding speed (cm/min),25.0,layer_partial.csv,411
Welding speed_25.3333,80.000_25.333_3.000_3.000,80.0,25.3333,3.0,3.0,60.0,7,10.2656,2.6281,Welding speed,Welding speed (cm/min),25.3333,layer_partial.csv,412
Welding speed_25.6667,80.000_25.667_3.000_3.000,80.0,25.6667,3.0,3.0,60.0,7,10.2652,2.6116,Welding speed,Welding speed (cm/min),25.6667,layer_partial.csv,413
Welding speed_26.0,80.000_26.000_3.000_3.000,80.0,26.0,3.0,3.0,60.0,7,10.25,2.5774,Welding speed,Welding speed (cm/min),26.0,layer_partial.csv,414
Welding speed_26.3333,80.000_26.333_3.000_3.000,80.0,26.3333,3.0,3.0,60.0,7,10.2424,2.5873,Welding speed,Welding speed (cm/min),26.3333,layer_partial.csv,415
Welding speed_26.6667,80.000_26.667_3.000_3.000,80.0,26.6667,3.0,3.0,60.0,7,10.2187,2.5574,Welding speed,Welding speed (cm/min),26.6667,layer_partial.csv,416
Welding speed_27.0,80.000_27.000_3.000_3.000,80.0,27.0,3.0,3.0,60.0,7,10.2282,2.5444,Welding speed,Welding speed (cm/min),27.0,layer_partial.csv,417
Welding speed_27.3333,80.000_27.333_3.000_3.000,80.0,27.3333,3.0,3.0,60.0,7,10.2089,2.5225,Welding speed,Welding speed (cm/min),27.3333,layer_partial.csv,418
Welding speed_27.6667,80.000_27.667_3.000_3.000,80.0,27.6667,3.0,3.0,60.0,7,10.1835,2.4991,Welding speed,Welding speed (cm/min),27.6667,layer_partial.csv,419
Welding speed_28.0,80.000_28.000_3.000_3.000,80.0,28.0,3.0,3.0,60.0,7,10.1937,2.4888,Welding speed,Welding speed (cm/min),28.0,layer_partial.csv,420
Welding speed_28.3333,80.000_28.333_3.000_3.000,80.0,28.3333,3.0,3.0,60.0,7,10.1599,2.4563,Welding speed,Welding speed (cm/min),28.3333,layer_partial.csv,421
Welding speed_28.6667,80.000_28.667_3.000_3.000,80.0,28.6667,3.0,3.0,60.0,7,10.1567,2.4299,Welding speed,Welding speed (cm/min),28.6667,layer_partial.csv,422
Welding speed_29.0,80.000_29.000_3.000_3.000,80.0,29.0,3.0,3.0,60.0,7,10.1298,2.4205,Welding speed,Welding speed (cm/min),29.0,layer_partial.csv,423
Welding speed_29.3333,80.000_29.333_3.000_3.000,80.0,29.3333,3.0,3.0,60.0,7,10.1331,2.4037,Welding speed,Welding speed (cm/min),29.3333,layer_partial.csv,424
Welding speed_29.6667,80.000_29.667_3.000_3.000,80.0,29.6667,3.0,3.0,60.0,7,10.1017,2.3777,Welding speed,Welding speed (cm/min),29.6667,layer_partial.csv,425
Welding speed_30.0,80.000_30.000_3.000_3.000,80.0,30.0,3.0,3.0,60.0,7,10.0864,2.3587,Welding speed,Welding speed (cm/min),30.0,layer_partial.csv,426
Welding speed_22.0,80.000_22.000_3.000_3.000,80.0,22.0,3.0,3.0,60.0,8,10.43,2.8007,Welding speed,Welding speed (cm/min),22.0,layer_partial.csv,427
Welding speed_22.3333,80.000_22.333_3.000_3.000,80.0,22.3333,3.0,3.0,60.0,8,10.4309,2.7707,Welding speed,Welding speed (cm/min),22.3333,layer_partial.csv,428
Welding speed_22.6667,80.000_22.667_3.000_3.000,80.0,22.6667,3.0,3.0,60.0,8,10.4277,2.7644,Welding speed,Welding speed (cm/min),22.6667,layer_partial.csv,429
Welding speed_23.0,80.000_23.000_3.000_3.000,80.0,23.0,3.0,3.0,60.0,8,10.4059,2.7542,Welding speed,Welding speed (cm/min),23.0,layer_partial.csv,430
Welding speed_23.3333,80.000_23.333_3.000_3.000,80.0,23.3333,3.0,3.0,60.0,8,10.3938,2.7192,Welding speed,Welding speed (cm/min),23.3333,layer_partial.csv,431
Welding speed_23.6667,80.000_23.667_3.000_3.000,80.0,23.6667,3.0,3.0,60.0,8,10.3865,2.7053,Welding speed,Welding speed (cm/min),23.6667,layer_partial.csv,432
Welding speed_24.0,80.000_24.000_3.000_3.000,80.0,24.0,3.0,3.0,60.0,8,10.3683,2.6797,Welding speed,Welding speed (cm/min),24.0,layer_partial.csv,433
Welding speed_24.3333,80.000_24.333_3.000_3.000,80.0,24.3333,3.0,3.0,60.0,8,10.3544,2.6538,Welding speed,Welding speed (cm/min),24.3333,layer_partial.csv,434
Welding speed_24.6667,80.000_24.667_3.000_3.000,80.0,24.6667,3.0,3.0,60.0,8,10.3459,2.65,Welding speed,Welding speed (cm/min),24.6667,layer_partial.csv,435
Welding speed_25.0,80.000_25.000_3.000_3.000,80.0,25.0,3.0,3.0,60.0,8,10.3304,2.629,Welding speed,Welding speed (cm/min),25.0,layer_partial.csv,436
Welding speed_25.3333,80.000_25.333_3.000_3.000,80.0,25.3333,3.0,3.0,60.0,8,10.3255,2.6128,Welding speed,Welding speed (cm/min),25.3333,layer_partial.csv,437
Welding speed_25.6667,80.000_25.667_3.000_3.000,80.0,25.6667,3.0,3.0,60.0,8,10.3045,2.5917,Welding speed,Welding speed (cm/min),25.6667,layer_partial.csv,438
Welding speed_26.0,80.000_26.000_3.000_3.000,80.0,26.0,3.0,3.0,60.0,8,10.2946,2.576,Welding speed,Welding speed (cm/min),26.0,layer_partial.csv,439
Welding speed_26.3333,80.000_26.333_3.000_3.000,80.0,26.3333,3.0,3.0,60.0,8,10.2767,2.5407,Welding speed,Welding speed (cm/min),26.3333,layer_partial.csv,440
Welding speed_26.6667,80.000_26.667_3.000_3.000,80.0,26.6667,3.0,3.0,60.0,8,10.2641,2.534,Welding speed,Welding speed (cm/min),26.6667,layer_partial.csv,441
Welding speed_27.0,80.000_27.000_3.000_3.000,80.0,27.0,3.0,3.0,60.0,8,10.2475,2.5111,Welding speed,Welding speed (cm/min),27.0,layer_partial.csv,442
Welding speed_27.3333,80.000_27.333_3.000_3.000,80.0,27.3333,3.0,3.0,60.0,8,10.2399,2.4928,Welding speed,Welding speed (cm/min),27.3333,layer_partial.csv,443
Welding speed_27.6667,80.000_27.667_3.000_3.000,80.0,27.6667,3.0,3.0,60.0,8,10.2299,2.4704,Welding speed,Welding speed (cm/min),27.6667,layer_partial.csv,444
Welding speed_28.0,80.000_28.000_3.000_3.000,80.0,28.0,3.0,3.0,60.0,8,10.2082,2.4541,Welding speed,Welding speed (cm/min),28.0,layer_partial.csv,445
Welding speed_28.3333,80.000_28.333_3.000_3.000,80.0,28.3333,3.0,3.0,60.0,8,10.2137,2.4293,Welding speed,Welding speed (cm/min),28.3333,layer_partial.csv,446
Welding speed_28.6667,80.000_28.667_3.000_3.000,80.0,28.6667,3.0,3.0,60.0,8,10.1869,2.3968,Welding speed,Welding speed (cm/min),28.6667,layer_partial.csv,447
Welding speed_29.0,80.000_29.000_3.000_3.000,80.0,29.0,3.0,3.0,60.0,8,10.1707,2.4018,Welding speed,Welding speed (cm/min),29.0,layer_partial.csv,448
Welding speed_29.3333,80.000_29.333_3.000_3.000,80.0,29.3333,3.0,3.0,60.0,8,10.1772,2.3767,Welding speed,Welding speed (cm/min),29.3333,layer_partial.csv,449
Welding speed_29.6667,80.000_29.667_3.000_3.000,80.0,29.6667,3.0,3.0,60.0,8,10.1461,2.367,Welding speed,Welding speed (cm/min),29.6667,layer_partial.csv,450
Welding speed_30.0,80.000_30.000_3.000_3.000,80.0,30.0,3.0,3.0,60.0,8,10.1453,2.3411,Welding speed,Welding speed (cm/min),30.0,layer_partial.csv,451
Welding speed_22.0,80.000_22.000_3.000_3.000,80.0,22.0,3.0,3.0,60.0,9,10.4711,2.7661,Welding speed,Welding speed (cm/min),22.0,layer_partial.csv,452
Welding speed_22.3333,80.000_22.333_3.000_3.000,80.0,22.3333,3.0,3.0,60.0,9,10.4781,2.7629,Welding speed,Welding speed (cm/min),22.3333,layer_partial.csv,453
Welding speed_22.6667,80.000_22.667_3.000_3.000,80.0,22.6667,3.0,3.0,60.0,9,10.4646,2.7363,Welding speed,Welding speed (cm/min),22.6667,layer_partial.csv,454
Welding speed_23.0,80.000_23.000_3.000_3.000,80.0,23.0,3.0,3.0,60.0,9,10.4481,2.7232,Welding speed,Welding speed (cm/min),23.0,layer_partial.csv,455
Welding speed_23.3333,80.000_23.333_3.000_3.000,80.0,23.3333,3.0,3.0,60.0,9,10.4294,2.7044,Welding speed,Welding speed (cm/min),23.3333,layer_partial.csv,456
Welding speed_23.6667,80.000_23.667_3.000_3.000,80.0,23.6667,3.0,3.0,60.0,9,10.4195,2.6844,Welding speed,Welding speed (cm/min),23.6667,layer_partial.csv,457
Welding speed_24.0,80.000_24.000_3.000_3.000,80.0,24.0,3.0,3.0,60.0,9,10.4111,2.6687,Welding speed,Welding speed (cm/min),24.0,layer_partial.csv,458
Welding speed_24.3333,80.000_24.333_3.000_3.000,80.0,24.3333,3.0,3.0,60.0,9,10.4104,2.6434,Welding speed,Welding speed (cm/min),24.3333,layer_partial.csv,459
Welding speed_24.6667,80.000_24.667_3.000_3.000,80.0,24.6667,3.0,3.0,60.0,9,10.4002,2.6286,Welding speed,Welding speed (cm/min),24.6667,layer_partial.csv,460
Welding speed_25.0,80.000_25.000_3.000_3.000,80.0,25.0,3.0,3.0,60.0,9,10.3758,2.6108,Welding speed,Welding speed (cm/min),25.0,layer_partial.csv,461
Welding speed_25.3333,80.000_25.333_3.000_3.000,80.0,25.3333,3.0,3.0,60.0,9,10.3621,2.591,Welding speed,Welding speed (cm/min),25.3333,layer_partial.csv,462
Welding speed_25.6667,80.000_25.667_3.000_3.000,80.0,25.6667,3.0,3.0,60.0,9,10.3381,2.5625,Welding speed,Welding speed (cm/min),25.6667,layer_partial.csv,463
Welding speed_26.0,80.000_26.000_3.000_3.000,80.0,26.0,3.0,3.0,60.0,9,10.3429,2.5642,Welding speed,Welding speed (cm/min),26.0,layer_partial.csv,464
Welding speed_26.3333,80.000_26.333_3.000_3.000,80.0,26.3333,3.0,3.0,60.0,9,10.3222,2.5431,Welding speed,Welding speed (cm/min),26.3333,layer_partial.csv,465
Welding speed_26.6667,80.000_26.667_3.000_3.000,80.0,26.6667,3.0,3.0,60.0,9,10.3156,2.5132,Welding speed,Welding speed (cm/min),26.6667,layer_partial.csv,466
Welding speed_27.0,80.000_27.000_3.000_3.000,80.0,27.0,3.0,3.0,60.0,9,10.3056,2.4833,Welding speed,Welding speed (cm/min),27.0,layer_partial.csv,467
Welding speed_27.3333,80.000_27.333_3.000_3.000,80.0,27.3333,3.0,3.0,60.0,9,10.2828,2.4701,Welding speed,Welding speed (cm/min),27.3333,layer_partial.csv,468
Welding speed_27.6667,80.000_27.667_3.000_3.000,80.0,27.6667,3.0,3.0,60.0,9,10.2662,2.4534,Welding speed,Welding speed (cm/min),27.6667,layer_partial.csv,469
Welding speed_28.0,80.000_28.000_3.000_3.000,80.0,28.0,3.0,3.0,60.0,9,10.2721,2.4461,Welding speed,Welding speed (cm/min),28.0,layer_partial.csv,470
Welding speed_28.3333,80.000_28.333_3.000_3.000,80.0,28.3333,3.0,3.0,60.0,9,10.2431,2.4115,Welding speed,Welding speed (cm/min),28.3333,layer_partial.csv,471
Welding speed_28.6667,80.000_28.667_3.000_3.000,80.0,28.6667,3.0,3.0,60.0,9,10.2177,2.4028,Welding speed,Welding speed (cm/min),28.6667,layer_partial.csv,472
Welding speed_29.0,80.000_29.000_3.000_3.000,80.0,29.0,3.0,3.0,60.0,9,10.2021,2.3688,Welding speed,Welding speed (cm/min),29.0,layer_partial.csv,473
Welding speed_29.3333,80.000_29.333_3.000_3.000,80.0,29.3333,3.0,3.0,60.0,9,10.2116,2.3448,Welding speed,Welding speed (cm/min),29.3333,layer_partial.csv,474
Welding speed_29.6667,80.000_29.667_3.000_3.000,80.0,29.6667,3.0,3.0,60.0,9,10.1859,2.3452,Welding speed,Welding speed (cm/min),29.6667,layer_partial.csv,475
Welding speed_30.0,80.000_30.000_3.000_3.000,80.0,30.0,3.0,3.0,60.0,9,10.1712,2.3066,Welding speed,Welding speed (cm/min),30.0,layer_partial.csv,476
Welding speed_22.0,80.000_22.000_3.000_3.000,80.0,22.0,3.0,3.0,60.0,10,10.5387,2.7603,Welding speed,Welding speed (cm/min),22.0,layer_partial.csv,477
Welding speed_22.3333,80.000_22.333_3.000_3.000,80.0,22.3333,3.0,3.0,60.0,10,10.5235,2.7355,Welding speed,Welding speed (cm/min),22.3333,layer_partial.csv,478
Welding speed_22.6667,80.000_22.667_3.000_3.000,80.0,22.6667,3.0,3.0,60.0,10,10.5181,2.7077,Welding speed,Welding speed (cm/min),22.6667,layer_partial.csv,479
Welding speed_23.0,80.000_23.000_3.000_3.000,80.0,23.0,3.0,3.0,60.0,10,10.5179,2.7037,Welding speed,Welding speed (cm/min),23.0,layer_partial.csv,480
Welding speed_23.3333,80.000_23.333_3.000_3.000,80.0,23.3333,3.0,3.0,60.0,10,10.4751,2.6823,Welding speed,Welding speed (cm/min),23.3333,layer_partial.csv,481
Welding speed_23.6667,80.000_23.667_3.000_3.000,80.0,23.6667,3.0,3.0,60.0,10,10.4423,2.6598,Welding speed,Welding speed (cm/min),23.6667,layer_partial.csv,482
Welding speed_24.0,80.000_24.000_3.000_3.000,80.0,24.0,3.0,3.0,60.0,10,10.4477,2.6414,Welding speed,Welding speed (cm/min),24.0,layer_partial.csv,483
Welding speed_24.3333,80.000_24.333_3.000_3.000,80.0,24.3333,3.0,3.0,60.0,10,10.4372,2.6353,Welding speed,Welding speed (cm/min),24.3333,layer_partial.csv,484
Welding speed_24.6667,80.000_24.667_3.000_3.000,80.0,24.6667,3.0,3.0,60.0,10,10.4248,2.6113,Welding speed,Welding speed (cm/min),24.6667,layer_partial.csv,485
Welding speed_25.0,80.000_25.000_3.000_3.000,80.0,25.0,3.0,3.0,60.0,10,10.4149,2.5859,Welding speed,Welding speed (cm/min),25.0,layer_partial.csv,486
Welding speed_25.3333,80.000_25.333_3.000_3.000,80.0,25.3333,3.0,3.0,60.0,10,10.4311,2.5728,Welding speed,Welding speed (cm/min),25.3333,layer_partial.csv,487
Welding speed_25.6667,80.000_25.667_3.000_3.000,80.0,25.6667,3.0,3.0,60.0,10,10.3929,2.5484,Welding speed,Welding speed (cm/min),25.6667,layer_partial.csv,488
Welding speed_26.0,80.000_26.000_3.000_3.000,80.0,26.0,3.0,3.0,60.0,10,10.3783,2.5466,Welding speed,Welding speed (cm/min),26.0,layer_partial.csv,489
Welding speed_26.3333,80.000_26.333_3.000_3.000,80.0,26.3333,3.0,3.0,60.0,10,10.3644,2.5011,Welding speed,Welding speed (cm/min),26.3333,layer_partial.csv,490
Welding speed_26.6667,80.000_26.667_3.000_3.000,80.0,26.6667,3.0,3.0,60.0,10,10.3321,2.4913,Welding speed,Welding speed (cm/min),26.6667,layer_partial.csv,491
Welding speed_27.0,80.000_27.000_3.000_3.000,80.0,27.0,3.0,3.0,60.0,10,10.3355,2.4672,Welding speed,Welding speed (cm/min),27.0,layer_partial.csv,492
Welding speed_27.3333,80.000_27.333_3.000_3.000,80.0,27.3333,3.0,3.0,60.0,10,10.3285,2.4588,Welding speed,Welding speed (cm/min),27.3333,layer_partial.csv,493
Welding speed_27.6667,80.000_27.667_3.000_3.000,80.0,27.6667,3.0,3.0,60.0,10,10.3266,2.4348,Welding speed,Welding speed (cm/min),27.6667,layer_partial.csv,494
Welding speed_28.0,80.000_28.000_3.000_3.000,80.0,28.0,3.0,3.0,60.0,10,10.2947,2.4123,Welding speed,Welding speed (cm/min),28.0,layer_partial.csv,495
Welding speed_28.3333,80.000_28.333_3.000_3.000,80.0,28.3333,3.0,3.0,60.0,10,10.2824,2.3941,Welding speed,Welding speed (cm/min),28.3333,layer_partial.csv,496
Welding speed_28.6667,80.000_28.667_3.000_3.000,80.0,28.6667,3.0,3.0,60.0,10,10.2906,2.3641,Welding speed,Welding speed (cm/min),28.6667,layer_partial.csv,497
Welding speed_29.0,80.000_29.000_3.000_3.000,80.0,29.0,3.0,3.0,60.0,10,10.2579,2.3599,Welding speed,Welding speed (cm/min),29.0,layer_partial.csv,498
Welding speed_29.3333,80.000_29.333_3.000_3.000,80.0,29.3333,3.0,3.0,60.0,10,10.2302,2.3265,Welding speed,Welding speed (cm/min),29.3333,layer_partial.csv,499
Welding speed_29.6667,80.000_29.667_3.000_3.000,80.0,29.6667,3.0,3.0,60.0,10,10.2155,2.3241,Welding speed,Welding speed (cm/min),29.6667,layer_partial.csv,500
Welding speed_30.0,80.000_30.000_3.000_3.000,80.0,30.0,3.0,3.0,60.0,10,10.2116,2.29,Welding speed,Welding speed (cm/min),30.0,layer_partial.csv,501
Weaving frequency_2.0,80.000_26.000_2.000_3.000,80.0,26.0,2.0,3.0,60.0,1,10.0,2.735,Weaving frequency,Weaving frequency (Hz),2.0,layer_partial.csv,502
Weaving frequency_2.0833,80.000_26.000_2.083_3.000,80.0,26.0,2.0833,3.0,60.0,1,10.0082,2.7107,Weaving frequency,Weaving frequency (Hz),2.0833,layer_partial.csv,503
Weaving frequency_2.1667,80.000_26.000_2.167_3.000,80.0,26.0,2.1667,3.0,60.0,1,10.0264,2.6994,Weaving frequency,Weaving frequency (Hz),2.1667,layer_partial.csv,504
Weaving frequency_2.25,80.000_26.000_2.250_3.000,80.0,26.0,2.25,3.0,60.0,1,10.0531,2.6922,Weaving frequency,Weaving frequency (Hz),2.25,layer_partial.csv,505
Weaving frequency_2.3333,80.000_26.000_2.333_3.000,80.0,26.0,2.3333,3.0,60.0,1,10.0871,2.669,Weaving frequency,Weaving frequency (Hz),2.3333,layer_partial.csv,506
Weaving frequency_2.4167,80.000_26.000_2.417_3.000,80.0,26.0,2.4167,3.0,60.0,1,10.0799,2.658,Weaving frequency,Weaving frequency (Hz),2.4167,layer_partial.csv,507
Weaving frequency_2.5,80.000_26.000_2.500_3.000,80.0,26.0,2.5,3.0,60.0,1,10.1062,2.6296,Weaving frequency,Weaving frequency (Hz),2.5,layer_partial.csv,508
Weaving frequency_2.5833,80.000_26.000_2.583_3.000,80.0,26.0,2.5833,3.0,60.0,1,10.116,2.624,Weaving frequency,Weaving frequency (Hz),2.5833,layer_partial.csv,509
Weaving frequency_2.6667,80.000_26.000_2.667_3.000,80.0,26.0,2.6667,3.0,60.0,1,10.1075,2.6109,Weaving frequency,Weaving frequency (Hz),2.6667,layer_partial.csv,510
Weaving frequency_2.75,80.000_26.000_2.750_3.000,80.0,26.0,2.75,3.0,60.0,1,10.1385,2.6009,Weaving frequency,Weaving frequency (Hz),2.75,layer_partial.csv,511
Weaving frequency_2.8333,80.000_26.000_2.833_3.000,80.0,26.0,2.8333,3.0,60.0,1,10.1258,2.575,Weaving frequency,Weaving frequency (Hz),2.8333,layer_partial.csv,512
Weaving frequency_2.9167,80.000_26.000_2.917_3.000,80.0,26.0,2.9167,3.0,60.0,1,10.1461,2.5625,Weaving frequency,Weaving frequency (Hz),2.9167,layer_partial.csv,513
Weaving frequency_3.0,80.000_26.000_3.000_3.000,80.0,26.0,3.0,3.0,60.0,1,10.1477,2.5635,Weaving frequency,Weaving frequency (Hz),3.0,layer_partial.csv,514
Weaving frequency_3.0833,80.000_26.000_3.083_3.000,80.0,26.0,3.0833,3.0,60.0,1,10.1518,2.5355,Weaving frequency,Weaving frequency (Hz),3.0833,layer_partial.csv,515
Weaving frequency_3.1667,80.000_26.000_3.167_3.000,80.0,26.0,3.1667,3.0,60.0,1,10.1495,2.5241,Weaving frequency,Weaving frequency (Hz),3.1667,layer_partial.csv,516
Weaving frequency_3.25,80.000_26.000_3.250_3.000,80.0,26.0,3.25,3.0,60.0,1,10.1647,2.5143,Weaving frequency,Weaving frequency (Hz),3.25,layer_partial.csv,517
Weaving frequency_3.3333,80.000_26.000_3.333_3.000,80.0,26.0,3.3333,3.0,60.0,1,10.151,2.4863,Weaving frequency,Weaving frequency (Hz),3.3333,layer_partial.csv,518
Weaving frequency_3.4167,80.000_26.000_3.417_3.000,80.0,26.0,3.4167,3.0,60.0,1,10.156,2.474,Weaving frequency,Weaving frequency (Hz),3.4167,layer_partial.csv,519
Weaving frequency_3.5,80.000_26.000_3.500_3.000,80.0,26.0,3.5,3.0,60.0,1,10.1683,2.4648,Weaving frequency,Weaving frequency (Hz),3.5,layer_partial.csv,520
Weaving frequency_3.5833,80.000_26.000_3.583_3.000,80.0,26.0,3.5833,3.0,60.0,1,10.1941,2.4417,Weaving frequency,Weaving frequency (Hz),3.5833,layer_partial.csv,521
Weaving frequency_3.6667,80.000_26.000_3.667_3.000,80.0,26.0,3.6667,3.0,60.0,1,10.1756,2.432,Weaving frequency,Weaving frequency (Hz),3.6667,layer_partial.csv,522
Weaving frequency_3.75,80.000_26.000_3.750_3.000,80.0,26.0,3.75,3.0,60.0,1,10.1856,2.4266,Weaving frequency,Weaving frequency (Hz),3.75,layer_partial.csv,523
Weaving frequency_3.8333,80.000_26.000_3.833_3.000,80.0,26.0,3.8333,3.0,60.0,1,10.1904,2.4021,Weaving frequency,Weaving frequency (Hz),3.8333,layer_partial.csv,524
Weaving frequency_3.9167,80.000_26.000_3.917_3.000,80.0,26.0,3.9167,3.0,60.0,1,10.1875,2.3859,Weaving frequency,Weaving frequency (Hz),3.9167,layer_partial.csv,525
Weaving frequency_4.0,80.000_26.000_4.000_3.000,80.0,26.0,4.0,3.0,60.0,1,10.1774,2.3715,Weaving frequency,Weaving frequency (Hz),4.0,layer_partial.csv,526
Weaving frequency_2.0,80.000_26.000_2.000_3.000,80.0,26.0,2.0,3.0,60.0,2,10.0265,2.7166,Weaving frequency,Weaving frequency (Hz),2.0,layer_partial.csv,527
Weaving frequency_2.0833,80.000_26.000_2.083_3.000,80.0,26.0,2.0833,3.0,60.0,2,10.06,2.6976,Weaving frequency,Weaving frequency (Hz),2.0833,layer_partial.csv,528
Weaving frequency_2.1667,80.000_26.000_2.167_3.000,80.0,26.0,2.1667,3.0,60.0,2,10.0616,2.691,Weaving frequency,Weaving frequency (Hz),2.1667,layer_partial.csv,529
Weaving frequency_2.25,80.000_26.000_2.250_3.000,80.0,26.0,2.25,3.0,60.0,2,10.0792,2.6815,Weaving frequency,Weaving frequency (Hz),2.25,layer_partial.csv,530
Weaving frequency_2.3333,80.000_26.000_2.333_3.000,80.0,26.0,2.3333,3.0,60.0,2,10.1042,2.6521,Weaving frequency,Weaving frequency (Hz),2.3333,layer_partial.csv,531
Weaving frequency_2.4167,80.000_26.000_2.417_3.000,80.0,26.0,2.4167,3.0,60.0,2,10.0989,2.6439,Weaving frequency,Weaving frequency (Hz),2.4167,layer_partial.csv,532
Weaving frequency_2.5,80.000_26.000_2.500_3.000,80.0,26.0,2.5,3.0,60.0,2,10.1297,2.6284,Weaving frequency,Weaving frequency (Hz),2.5,layer_partial.csv,533
Weaving frequency_2.5833,80.000_26.000_2.583_3.000,80.0,26.0,2.5833,3.0,60.0,2,10.1365,2.6063,Weaving frequency,Weaving frequency (Hz),2.5833,layer_partial.csv,534
Weaving frequency_2.6667,80.000_26.000_2.667_3.000,80.0,26.0,2.6667,3.0,60.0,2,10.1453,2.59,Weaving frequency,Weaving frequency (Hz),2.6667,layer_partial.csv,535
Weaving frequency_2.75,80.000_26.000_2.750_3.000,80.0,26.0,2.75,3.0,60.0,2,10.1491,2.5748,Weaving frequency,Weaving frequency (Hz),2.75,layer_partial.csv,536
Weaving frequency_2.8333,80.000_26.000_2.833_3.000,80.0,26.0,2.8333,3.0,60.0,2,10.1695,2.57,Weaving frequency,Weaving frequency (Hz),2.8333,layer_partial.csv,537
Weaving frequency_2.9167,80.000_26.000_2.917_3.000,80.0,26.0,2.9167,3.0,60.0,2,10.1717,2.5352,Weaving frequency,Weaving frequency (Hz),2.9167,layer_partial.csv,538
Weaving frequency_3.0,80.000_26.000_3.000_3.000,80.0,26.0,3.0,3.0,60.0,2,10.1866,2.5397,Weaving frequency,Weaving frequency (Hz),3.0,layer_partial.csv,539
Weaving frequency_3.0833,80.000_26.000_3.083_3.000,80.0,26.0,3.0833,3.0,60.0,2,10.1909,2.5253,Weaving frequency,Weaving frequency (Hz),3.0833,layer_partial.csv,540
Weaving frequency_3.1667,80.000_26.000_3.167_3.000,80.0,26.0,3.1667,3.0,60.0,2,10.1985,2.5101,Weaving frequency,Weaving frequency (Hz),3.1667,layer_partial.csv,541
Weaving frequency_3.25,80.000_26.000_3.250_3.000,80.0,26.0,3.25,3.0,60.0,2,10.1938,2.4867,Weaving frequency,Weaving frequency (Hz),3.25,layer_partial.csv,542
Weaving frequency_3.3333,80.000_26.000_3.333_3.000,80.0,26.0,3.3333,3.0,60.0,2,10.1937,2.4755,Weaving frequency,Weaving frequency (Hz),3.3333,layer_partial.csv,543
Weaving frequency_3.4167,80.000_26.000_3.417_3.000,80.0,26.0,3.4167,3.0,60.0,2,10.2032,2.4479,Weaving frequency,Weaving frequency (Hz),3.4167,layer_partial.csv,544
Weaving frequency_3.5,80.000_26.000_3.500_3.000,80.0,26.0,3.5,3.0,60.0,2,10.2109,2.439,Weaving frequency,Weaving frequency (Hz),3.5,layer_partial.csv,545
Weaving frequency_3.5833,80.000_26.000_3.583_3.000,80.0,26.0,3.5833,3.0,60.0,2,10.2145,2.4324,Weaving frequency,Weaving frequency (Hz),3.5833,layer_partial.csv,546
Weaving frequency_3.6667,80.000_26.000_3.667_3.000,80.0,26.0,3.6667,3.0,60.0,2,10.2178,2.4133,Weaving frequency,Weaving frequency (Hz),3.6667,layer_partial.csv,547
Weaving frequency_3.75,80.000_26.000_3.750_3.000,80.0,26.0,3.75,3.0,60.0,2,10.2111,2.3917,Weaving frequency,Weaving frequency (Hz),3.75,layer_partial.csv,548
Weaving frequency_3.8333,80.000_26.000_3.833_3.000,80.0,26.0,3.8333,3.0,60.0,2,10.2061,2.3808,Weaving frequency,Weaving frequency (Hz),3.8333,layer_partial.csv,549
Weaving frequency_3.9167,80.000_26.000_3.917_3.000,80.0,26.0,3.9167,3.0,60.0,2,10.2198,2.3717,Weaving frequency,Weaving frequency (Hz),3.9167,layer_partial.csv,550
Weaving frequency_4.0,80.000_26.000_4.000_3.000,80.0,26.0,4.0,3.0,60.0,2,10.2225,2.3531,Weaving frequency,Weaving frequency (Hz),4.0,layer_partial.csv,551
Weaving frequency_2.0,80.000_26.000_2.000_3.000,80.0,26.0,2.0,3.0,60.0,3,10.0695,2.6843,Weaving frequency,Weaving frequency (Hz),2.0,layer_partial.csv,552
Weaving frequency_2.0833,80.000_26.000_2.083_3.000,80.0,26.0,2.0833,3.0,60.0,3,10.0737,2.671,Weaving frequency,Weaving frequency (Hz),2.0833,layer_partial.csv,553
Weaving frequency_2.1667,80.000_26.000_2.167_3.000,80.0,26.0,2.1667,3.0,60.0,3,10.1062,2.6654,Weaving frequency,Weaving frequency (Hz),2.1667,layer_partial.csv,554
Weaving frequency_2.25,80.000_26.000_2.250_3.000,80.0,26.0,2.25,3.0,60.0,3,10.1336,2.6468,Weaving frequency,Weaving frequency (Hz),2.25,layer_partial.csv,555
Weaving frequency_2.3333,80.000_26.000_2.333_3.000,80.0,26.0,2.3333,3.0,60.0,3,10.1257,2.6353,Weaving frequency,Weaving frequency (Hz),2.3333,layer_partial.csv,556
Weaving frequency_2.4167,80.000_26.000_2.417_3.000,80.0,26.0,2.4167,3.0,60.0,3,10.1569,2.6237,Weaving frequency,Weaving frequency (Hz),2.4167,layer_partial.csv,557
Weaving frequency_2.5,80.000_26.000_2.500_3.000,80.0,26.0,2.5,3.0,60.0,3,10.1564,2.6103,Weaving frequency,Weaving frequency (Hz),2.5,layer_partial.csv,558
Weaving frequency_2.5833,80.000_26.000_2.583_3.000,80.0,26.0,2.5833,3.0,60.0,3,10.186,2.5806,Weaving frequency,Weaving frequency (Hz),2.5833,layer_partial.csv,559
Weaving frequency_2.6667,80.000_26.000_2.667_3.000,80.0,26.0,2.6667,3.0,60.0,3,10.1849,2.5859,Weaving frequency,Weaving frequency (Hz),2.6667,layer_partial.csv,560
Weaving frequency_2.75,80.000_26.000_2.750_3.000,80.0,26.0,2.75,3.0,60.0,3,10.1949,2.5603,Weaving frequency,Weaving frequency (Hz),2.75,layer_partial.csv,561
Weaving frequency_2.8333,80.000_26.000_2.833_3.000,80.0,26.0,2.8333,3.0,60.0,3,10.2043,2.5444,Weaving frequency,Weaving frequency (Hz),2.8333,layer_partial.csv,562
Weaving frequency_2.9167,80.000_26.000_2.917_3.000,80.0,26.0,2.9167,3.0,60.0,3,10.2164,2.5261,Weaving frequency,Weaving frequency (Hz),2.9167,layer_partial.csv,563
Weaving frequency_3.0,80.000_26.000_3.000_3.000,80.0,26.0,3.0,3.0,60.0,3,10.2162,2.523,Weaving frequency,Weaving frequency (Hz),3.0,layer_partial.csv,564
Weaving frequency_3.0833,80.000_26.000_3.083_3.000,80.0,26.0,3.0833,3.0,60.0,3,10.2355,2.4955,Weaving frequency,Weaving frequency (Hz),3.0833,layer_partial.csv,565
Weaving frequency_3.1667,80.000_26.000_3.167_3.000,80.0,26.0,3.1667,3.0,60.0,3,10.2277,2.4935,Weaving frequency,Weaving frequency (Hz),3.1667,layer_partial.csv,566
Weaving frequency_3.25,80.000_26.000_3.250_3.000,80.0,26.0,3.25,3.0,60.0,3,10.2363,2.4647,Weaving frequency,Weaving frequency (Hz),3.25,layer_partial.csv,567
Weaving frequency_3.3333,80.000_26.000_3.333_3.000,80.0,26.0,3.3333,3.0,60.0,3,10.251,2.4579,Weaving frequency,Weaving frequency (Hz),3.3333,layer_partial.csv,568
Weaving frequency_3.4167,80.000_26.000_3.417_3.000,80.0,26.0,3.4167,3.0,60.0,3,10.2342,2.4455,Weaving frequency,Weaving frequency (Hz),3.4167,layer_partial.csv,569
Weaving frequency_3.5,80.000_26.000_3.500_3.000,80.0,26.0,3.5,3.0,60.0,3,10.2529,2.4232,Weaving frequency,Weaving frequency (Hz),3.5,layer_partial.csv,570
Weaving frequency_3.5833,80.000_26.000_3.583_3.000,80.0,26.0,3.5833,3.0,60.0,3,10.2563,2.4072,Weaving frequency,Weaving frequency (Hz),3.5833,layer_partial.csv,571
Weaving frequency_3.6667,80.000_26.000_3.667_3.000,80.0,26.0,3.6667,3.0,60.0,3,10.2656,2.3962,Weaving frequency,Weaving frequency (Hz),3.6667,layer_partial.csv,572
Weaving frequency_3.75,80.000_26.000_3.750_3.000,80.0,26.0,3.75,3.0,60.0,3,10.2441,2.381,Weaving frequency,Weaving frequency (Hz),3.75,layer_partial.csv,573
Weaving frequency_3.8333,80.000_26.000_3.833_3.000,80.0,26.0,3.8333,3.0,60.0,3,10.2755,2.3739,Weaving frequency,Weaving frequency (Hz),3.8333,layer_partial.csv,574
Weaving frequency_3.9167,80.000_26.000_3.917_3.000,80.0,26.0,3.9167,3.0,60.0,3,10.2576,2.3529,Weaving frequency,Weaving frequency (Hz),3.9167,layer_partial.csv,575
Weaving frequency_4.0,80.000_26.000_4.000_3.000,80.0,26.0,4.0,3.0,60.0,3,10.2446,2.3234,Weaving frequency,Weaving frequency (Hz),4.0,layer_partial.csv,576
Weaving frequency_2.0,80.000_26.000_2.000_3.000,80.0,26.0,2.0,3.0,60.0,4,10.07,2.672,Weaving frequency,Weaving frequency (Hz),2.0,layer_partial.csv,577
Weaving frequency_2.0833,80.000_26.000_2.083_3.000,80.0,26.0,2.0833,3.0,60.0,4,10.118,2.6579,Weaving frequency,Weaving frequency (Hz),2.0833,layer_partial.csv,578
Weaving frequency_2.1667,80.000_26.000_2.167_3.000,80.0,26.0,2.1667,3.0,60.0,4,10.1458,2.629,Weaving frequency,Weaving frequency (Hz),2.1667,layer_partial.csv,579
Weaving frequency_2.25,80.000_26.000_2.250_3.000,80.0,26.0,2.25,3.0,60.0,4,10.1494,2.6276,Weaving frequency,Weaving frequency (Hz),2.25,layer_partial.csv,580
Weaving frequency_2.3333,80.000_26.000_2.333_3.000,80.0,26.0,2.3333,3.0,60.0,4,10.1567,2.6162,Weaving frequency,Weaving frequency (Hz),2.3333,layer_partial.csv,581
Weaving frequency_2.4167,80.000_26.000_2.417_3.000,80.0,26.0,2.4167,3.0,60.0,4,10.1897,2.5907,Weaving frequency,Weaving frequency (Hz),2.4167,layer_partial.csv,582
Weaving frequency_2.5,80.000_26.000_2.500_3.000,80.0,26.0,2.5,3.0,60.0,4,10.2079,2.5958,Weaving frequency,Weaving frequency (Hz),2.5,layer_partial.csv,583
Weaving frequency_2.5833,80.000_26.000_2.583_3.000,80.0,26.0,2.5833,3.0,60.0,4,10.2214,2.5674,Weaving frequency,Weaving frequency (Hz),2.5833,layer_partial.csv,584
Weaving frequency_2.6667,80.000_26.000_2.667_3.000,80.0,26.0,2.6667,3.0,60.0,4,10.219,2.5611,Weaving frequency,Weaving frequency (Hz),2.6667,layer_partial.csv,585
Weaving frequency_2.75,80.000_26.000_2.750_3.000,80.0,26.0,2.75,3.0,60.0,4,10.2366,2.5467,Weaving frequency,Weaving frequency (Hz),2.75,layer_partial.csv,586
Weaving frequency_2.8333,80.000_26.000_2.833_3.000,80.0,26.0,2.8333,3.0,60.0,4,10.2305,2.5322,Weaving frequency,Weaving frequency (Hz),2.8333,layer_partial.csv,587
Weaving frequency_2.9167,80.000_26.000_2.917_3.000,80.0,26.0,2.9167,3.0,60.0,4,10.2322,2.5104,Weaving frequency,Weaving frequency (Hz),2.9167,layer_partial.csv,588
Weaving frequency_3.0,80.000_26.000_3.000_3.000,80.0,26.0,3.0,3.0,60.0,4,10.2563,2.507,Weaving frequency,Weaving frequency (Hz),3.0,layer_partial.csv,589
Weaving frequency_3.0833,80.000_26.000_3.083_3.000,80.0,26.0,3.0833,3.0,60.0,4,10.2474,2.4829,Weaving frequency,Weaving frequency (Hz),3.0833,layer_partial.csv,590
Weaving frequency_3.1667,80.000_26.000_3.167_3.000,80.0,26.0,3.1667,3.0,60.0,4,10.2717,2.4706,Weaving frequency,Weaving frequency (Hz),3.1667,layer_partial.csv,591
Weaving frequency_3.25,80.000_26.000_3.250_3.000,80.0,26.0,3.25,3.0,60.0,4,10.247,2.4593,Weaving frequency,Weaving frequency (Hz),3.25,layer_partial.csv,592
Weaving frequency_3.3333,80.000_26.000_3.333_3.000,80.0,26.0,3.3333,3.0,60.0,4,10.2828,2.4337,Weaving frequency,Weaving frequency (Hz),3.3333,layer_partial.csv,593
Weaving frequency_3.4167,80.000_26.000_3.417_3.000,80.0,26.0,3.4167,3.0,60.0,4,10.2804,2.4288,Weaving frequency,Weaving frequency (Hz),3.4167,layer_partial.csv,594
Weaving frequency_3.5,80.000_26.000_3.500_3.000,80.0,26.0,3.5,3.0,60.0,4,10.2787,2.4061,Weaving frequency,Weaving frequency (Hz),3.5,layer_partial.csv,595
Weaving frequency_3.5833,80.000_26.000_3.583_3.000,80.0,26.0,3.5833,3.0,60.0,4,10.2837,2.3951,Weaving frequency,Weaving frequency (Hz),3.5833,layer_partial.csv,596
Weaving frequency_3.6667,80.000_26.000_3.667_3.000,80.0,26.0,3.6667,3.0,60.0,4,10.2881,2.3794,Weaving frequency,Weaving frequency (Hz),3.6667,layer_partial.csv,597
Weaving frequency_3.75,80.000_26.000_3.750_3.000,80.0,26.0,3.75,3.0,60.0,4,10.2788,2.3625,Weaving frequency,Weaving frequency (Hz),3.75,layer_partial.csv,598
Weaving frequency_3.8333,80.000_26.000_3.833_3.000,80.0,26.0,3.8333,3.0,60.0,4,10.2814,2.3585,Weaving frequency,Weaving frequency (Hz),3.8333,layer_partial.csv,599
Weaving frequency_3.9167,80.000_26.000_3.917_3.000,80.0,26.0,3.9167,3.0,60.0,4,10.2861,2.3459,Weaving frequency,Weaving frequency (Hz),3.9167,layer_partial.csv,600
Weaving frequency_4.0,80.000_26.000_4.000_3.000,80.0,26.0,4.0,3.0,60.0,4,10.2904,2.3186,Weaving frequency,Weaving frequency (Hz),4.0,layer_partial.csv,601
Weaving frequency_2.0,80.000_26.000_2.000_3.000,80.0,26.0,2.0,3.0,60.0,5,10.1388,2.6543,Weaving frequency,Weaving frequency (Hz),2.0,layer_partial.csv,602
Weaving frequency_2.0833,80.000_26.000_2.083_3.000,80.0,26.0,2.0833,3.0,60.0,5,10.1543,2.6462,Weaving frequency,Weaving frequency (Hz),2.0833,layer_partial.csv,603
Weaving frequency_2.1667,80.000_26.000_2.167_3.000,80.0,26.0,2.1667,3.0,60.0,5,10.1791,2.6218,Weaving frequency,Weaving frequency (Hz),2.1667,layer_partial.csv,604
Weaving frequency_2.25,80.000_26.000_2.250_3.000,80.0,26.0,2.25,3.0,60.0,5,10.1855,2.6,Weaving frequency,Weaving frequency (Hz),2.25,layer_partial.csv,605
Weaving frequency_2.3333,80.000_26.000_2.333_3.000,80.0,26.0,2.3333,3.0,60.0,5,10.2226,2.6011,Weaving frequency,Weaving frequency (Hz),2.3333,layer_partial.csv,606
Weaving frequency_2.4167,80.000_26.000_2.417_3.000,80.0,26.0,2.4167,3.0,60.0,5,10.2267,2.5752,Weaving frequency,Weaving frequency (Hz),2.4167,layer_partial.csv,607
Weaving frequency_2.5,80.000_26.000_2.500_3.000,80.0,26.0,2.5,3.0,60.0,5,10.2344,2.5747,Weaving frequency,Weaving frequency (Hz),2.5,layer_partial.csv,608
Weaving frequency_2.5833,80.000_26.000_2.583_3.000,80.0,26.0,2.5833,3.0,60.0,5,10.2741,2.5619,Weaving frequency,Weaving frequency (Hz),2.5833,layer_partial.csv,609
Weaving frequency_2.6667,80.000_26.000_2.667_3.000,80.0,26.0,2.6667,3.0,60.0,5,10.2579,2.5368,Weaving frequency,Weaving frequency (Hz),2.6667,layer_partial.csv,610
Weaving frequency_2.75,80.000_26.000_2.750_3.000,80.0,26.0,2.75,3.0,60.0,5,10.2565,2.526,Weaving frequency,Weaving frequency (Hz),2.75,layer_partial.csv,611
Weaving frequency_2.8333,80.000_26.000_2.833_3.000,80.0,26.0,2.8333,3.0,60.0,5,10.2688,2.5186,Weaving frequency,Weaving frequency (Hz),2.8333,layer_partial.csv,612
Weaving frequency_2.9167,80.000_26.000_2.917_3.000,80.0,26.0,2.9167,3.0,60.0,5,10.2866,2.504,Weaving frequency,Weaving frequency (Hz),2.9167,layer_partial.csv,613
Weaving frequency_3.0,80.000_26.000_3.000_3.000,80.0,26.0,3.0,3.0,60.0,5,10.2775,2.4717,Weaving frequency,Weaving frequency (Hz),3.0,layer_partial.csv,614
Weaving frequency_3.0833,80.000_26.000_3.083_3.000,80.0,26.0,3.0833,3.0,60.0,5,10.2828,2.4588,Weaving frequency,Weaving frequency (Hz),3.0833,layer_partial.csv,615
Weaving frequency_3.1667,80.000_26.000_3.167_3.000,80.0,26.0,3.1667,3.0,60.0,5,10.3022,2.4498,Weaving frequency,Weaving frequency (Hz),3.1667,layer_partial.csv,616
Weaving frequency_3.25,80.000_26.000_3.250_3.000,80.0,26.0,3.25,3.0,60.0,5,10.3114,2.4349,Weaving frequency,Weaving frequency (Hz),3.25,layer_partial.csv,617
Weaving frequency_3.3333,80.000_26.000_3.333_3.000,80.0,26.0,3.3333,3.0,60.0,5,10.3046,2.428,Weaving frequency,Weaving frequency (Hz),3.3333,layer_partial.csv,618
Weaving frequency_3.4167,80.000_26.000_3.417_3.000,80.0,26.0,3.4167,3.0,60.0,5,10.2995,2.3993,Weaving frequency,Weaving frequency (Hz),3.4167,layer_partial.csv,619
Weaving frequency_3.5,80.000_26.000_3.500_3.000,80.0,26.0,3.5,3.0,60.0,5,10.3148,2.3983,Weaving frequency,Weaving frequency (Hz),3.5,layer_partial.csv,620
Weaving frequency_3.5833,80.000_26.000_3.583_3.000,80.0,26.0,3.5833,3.0,60.0,5,10.3058,2.3654,Weaving frequency,Weaving frequency (Hz),3.5833,layer_partial.csv,621
Weaving frequency_3.6667,80.000_26.000_3.667_3.000,80.0,26.0,3.6667,3.0,60.0,5,10.312,2.3653,Weaving frequency,Weaving frequency (Hz),3.6667,layer_partial.csv,622
Weaving frequency_3.75,80.000_26.000_3.750_3.000,80.0,26.0,3.75,3.0,60.0,5,10.3227,2.34,Weaving frequency,Weaving frequency (Hz),3.75,layer_partial.csv,623
Weaving frequency_3.8333,80.000_26.000_3.833_3.000,80.0,26.0,3.8333,3.0,60.0,5,10.3246,2.3334,Weaving frequency,Weaving frequency (Hz),3.8333,layer_partial.csv,624
Weaving frequency_3.9167,80.000_26.000_3.917_3.000,80.0,26.0,3.9167,3.0,60.0,5,10.3354,2.3132,Weaving frequency,Weaving frequency (Hz),3.9167,layer_partial.csv,625
Weaving frequency_4.0,80.000_26.000_4.000_3.000,80.0,26.0,4.0,3.0,60.0,5,10.3315,2.304,Weaving frequency,Weaving frequency (Hz),4.0,layer_partial.csv,626
Weaving frequency_2.0,80.000_26.000_2.000_3.000,80.0,26.0,2.0,3.0,60.0,6,10.1599,2.6241,Weaving frequency,Weaving frequency (Hz),2.0,layer_partial.csv,627
Weaving frequency_2.0833,80.000_26.000_2.083_3.000,80.0,26.0,2.0833,3.0,60.0,6,10.1928,2.6225,Weaving frequency,Weaving frequency (Hz),2.0833,layer_partial.csv,628
Weaving frequency_2.1667,80.000_26.000_2.167_3.000,80.0,26.0,2.1667,3.0,60.0,6,10.2128,2.6081,Weaving frequency,Weaving frequency (Hz),2.1667,layer_partial.csv,629
Weaving frequency_2.25,80.000_26.000_2.250_3.000,80.0,26.0,2.25,3.0,60.0,6,10.2342,2.605,Weaving frequency,Weaving frequency (Hz),2.25,layer_partial.csv,630
Weaving frequency_2.3333,80.000_26.000_2.333_3.000,80.0,26.0,2.3333,3.0,60.0,6,10.2445,2.5668,Weaving frequency,Weaving frequency (Hz),2.3333,layer_partial.csv,631
Weaving frequency_2.4167,80.000_26.000_2.417_3.000,80.0,26.0,2.4167,3.0,60.0,6,10.2511,2.5742,Weaving frequency,Weaving frequency (Hz),2.4167,layer_partial.csv,632
Weaving frequency_2.5,80.000_26.000_2.500_3.000,80.0,26.0,2.5,3.0,60.0,6,10.2629,2.5614,Weaving frequency,Weaving frequency (Hz),2.5,layer_partial.csv,633
Weaving frequency_2.5833,80.000_26.000_2.583_3.000,80.0,26.0,2.5833,3.0,60.0,6,10.2867,2.5499,Weaving frequency,Weaving frequency (Hz),2.5833,layer_partial.csv,634
Weaving frequency_2.6667,80.000_26.000_2.667_3.000,80.0,26.0,2.6667,3.0,60.0,6,10.2938,2.5204,Weaving frequency,Weaving frequency (Hz),2.6667,layer_partial.csv,635
Weaving frequency_2.75,80.000_26.000_2.750_3.000,80.0,26.0,2.75,3.0,60.0,6,10.2893,2.5147,Weaving frequency,Weaving frequency (Hz),2.75,layer_partial.csv,636
Weaving frequency_2.8333,80.000_26.000_2.833_3.000,80.0,26.0,2.8333,3.0,60.0,6,10.31,2.4875,Weaving frequency,Weaving frequency (Hz),2.8333,layer_partial.csv,637
Weaving frequency_2.9167,80.000_26.000_2.917_3.000,80.0,26.0,2.9167,3.0,60.0,6,10.2989,2.4686,Weaving frequency,Weaving frequency (Hz),2.9167,layer_partial.csv,638
Weaving frequency_3.0,80.000_26.000_3.000_3.000,80.0,26.0,3.0,3.0,60.0,6,10.327,2.4589,Weaving frequency,Weaving frequency (Hz),3.0,layer_partial.csv,639
Weaving frequency_3.0833,80.000_26.000_3.083_3.000,80.0,26.0,3.0833,3.0,60.0,6,10.3179,2.4544,Weaving frequency,Weaving frequency (Hz),3.0833,layer_partial.csv,640
Weaving frequency_3.1667,80.000_26.000_3.167_3.000,80.0,26.0,3.1667,3.0,60.0,6,10.3284,2.4203,Weaving frequency,Weaving frequency (Hz),3.1667,layer_partial.csv,641
Weaving frequency_3.25,80.000_26.000_3.250_3.000,80.0,26.0,3.25,3.0,60.0,6,10.332,2.4162,Weaving frequency,Weaving frequency (Hz),3.25,layer_partial.csv,642
Weaving frequency_3.3333,80.000_26.000_3.333_3.000,80.0,26.0,3.3333,3.0,60.0,6,10.3271,2.4118,Weaving frequency,Weaving frequency (Hz),3.3333,layer_partial.csv,643
Weaving frequency_3.4167,80.000_26.000_3.417_3.000,80.0,26.0,3.4167,3.0,60.0,6,10.3373,2.3791,Weaving frequency,Weaving frequency (Hz),3.4167,layer_partial.csv,644
Weaving frequency_3.5,80.000_26.000_3.500_3.000,80.0,26.0,3.5,3.0,60.0,6,10.3493,2.3703,Weaving frequency,Weaving frequency (Hz),3.5,layer_partial.csv,645
Weaving frequency_3.5833,80.000_26.000_3.583_3.000,80.0,26.0,3.5833,3.0,60.0,6,10.3575,2.3526,Weaving frequency,Weaving frequency (Hz),3.5833,layer_partial.csv,646
Weaving frequency_3.6667,80.000_26.000_3.667_3.000,80.0,26.0,3.6667,3.0,60.0,6,10.3509,2.334,Weaving frequency,Weaving frequency (Hz),3.6667,layer_partial.csv,647
Weaving frequency_3.75,80.000_26.000_3.750_3.000,80.0,26.0,3.75,3.0,60.0,6,10.3528,2.3364,Weaving frequency,Weaving frequency (Hz),3.75,layer_partial.csv,648
Weaving frequency_3.8333,80.000_26.000_3.833_3.000,80.0,26.0,3.8333,3.0,60.0,6,10.3625,2.3091,Weaving frequency,Weaving frequency (Hz),3.8333,layer_partial.csv,649
Weaving frequency_3.9167,80.000_26.000_3.917_3.000,80.0,26.0,3.9167,3.0,60.0,6,10.3522,2.3017,Weaving frequency,Weaving frequency (Hz),3.9167,layer_partial.csv,650
Weaving frequency_4.0,80.000_26.000_4.000_3.000,80.0,26.0,4.0,3.0,60.0,6,10.3526,2.2852,Weaving frequency,Weaving frequency (Hz),4.0,layer_partial.csv,651
Weaving frequency_2.0,80.000_26.000_2.000_3.000,80.0,26.0,2.0,3.0,60.0,7,10.2217,2.6175,Weaving frequency,Weaving frequency (Hz),2.0,layer_partial.csv,652
Weaving frequency_2.0833,80.000_26.000_2.083_3.000,80.0,26.0,2.0833,3.0,60.0,7,10.2337,2.6105,Weaving frequency,Weaving frequency (Hz),2.0833,layer_partial.csv,653
Weaving frequency_2.1667,80.000_26.000_2.167_3.000,80.0,26.0,2.1667,3.0,60.0,7,10.2469,2.5902,Weaving frequency,Weaving frequency (Hz),2.1667,layer_partial.csv,654
Weaving frequency_2.25,80.000_26.000_2.250_3.000,80.0,26.0,2.25,3.0,60.0,7,10.2599,2.5708,Weaving frequency,Weaving frequency (Hz),2.25,layer_partial.csv,655
Weaving frequency_2.3333,80.000_26.000_2.333_3.000,80.0,26.0,2.3333,3.0,60.0,7,10.2734,2.556,Weaving frequency,Weaving frequency (Hz),2.3333,layer_partial.csv,656
Weaving frequency_2.4167,80.000_26.000_2.417_3.000,80.0,26.0,2.4167,3.0,60.0,7,10.2916,2.5482,Weaving frequency,Weaving frequency (Hz),2.4167,layer_partial.csv,657
Weaving frequency_2.5,80.000_26.000_2.500_3.000,80.0,26.0,2.5,3.0,60.0,7,10.3204,2.5353,Weaving frequency,Weaving frequency (Hz),2.5,layer_partial.csv,658
Weaving frequency_2.5833,80.000_26.000_2.583_3.000,80.0,26.0,2.5833,3.0,60.0,7,10.3263,2.5176,Weaving frequency,Weaving frequency (Hz),2.5833,layer_partial.csv,659
Weaving frequency_2.6667,80.000_26.000_2.667_3.000,80.0,26.0,2.6667,3.0,60.0,7,10.3268,2.5102,Weaving frequency,Weaving frequency (Hz),2.6667,layer_partial.csv,660
Weaving frequency_2.75,80.000_26.000_2.750_3.000,80.0,26.0,2.75,3.0,60.0,7,10.3453,2.4955,Weaving frequency,Weaving frequency (Hz),2.75,layer_partial.csv,661
Weaving frequency_2.8333,80.000_26.000_2.833_3.000,80.0,26.0,2.8333,3.0,60.0,7,10.3407,2.4741,Weaving frequency,Weaving frequency (Hz),2.8333,layer_partial.csv,662
Weaving frequency_2.9167,80.000_26.000_2.917_3.000,80.0,26.0,2.9167,3.0,60.0,7,10.3535,2.4592,Weaving frequency,Weaving frequency (Hz),2.9167,layer_partial.csv,663
Weaving frequency_3.0,80.000_26.000_3.000_3.000,80.0,26.0,3.0,3.0,60.0,7,10.3556,2.4393,Weaving frequency,Weaving frequency (Hz),3.0,layer_partial.csv,664
Weaving frequency_3.0833,80.000_26.000_3.083_3.000,80.0,26.0,3.0833,3.0,60.0,7,10.3676,2.4359,Weaving frequency,Weaving frequency (Hz),3.0833,layer_partial.csv,665
Weaving frequency_3.1667,80.000_26.000_3.167_3.000,80.0,26.0,3.1667,3.0,60.0,7,10.3695,2.4185,Weaving frequency,Weaving frequency (Hz),3.1667,layer_partial.csv,666
Weaving frequency_3.25,80.000_26.000_3.250_3.000,80.0,26.0,3.25,3.0,60.0,7,10.3892,2.4034,Weaving frequency,Weaving frequency (Hz),3.25,layer_partial.csv,667
Weaving frequency_3.3333,80.000_26.000_3.333_3.000,80.0,26.0,3.3333,3.0,60.0,7,10.3862,2.3946,Weaving frequency,Weaving frequency (Hz),3.3333,layer_partial.csv,668
Weaving frequency_3.4167,80.000_26.000_3.417_3.000,80.0,26.0,3.4167,3.0,60.0,7,10.3915,2.376,Weaving frequency,Weaving frequency (Hz),3.4167,layer_partial.csv,669
Weaving frequency_3.5,80.000_26.000_3.500_3.000,80.0,26.0,3.5,3.0,60.0,7,10.3744,2.3498,Weaving frequency,Weaving frequency (Hz),3.5,layer_partial.csv,670
Weaving frequency_3.5833,80.000_26.000_3.583_3.000,80.0,26.0,3.5833,3.0,60.0,7,10.3979,2.3342,Weaving frequency,Weaving frequency (Hz),3.5833,layer_partial.csv,671
Weaving frequency_3.6667,80.000_26.000_3.667_3.000,80.0,26.0,3.6667,3.0,60.0,7,10.3932,2.3065,Weaving frequency,Weaving frequency (Hz),3.6667,layer_partial.csv,672
Weaving frequency_3.75,80.000_26.000_3.750_3.000,80.0,26.0,3.75,3.0,60.0,7,10.3956,2.3026,Weaving frequency,Weaving frequency (Hz),3.75,layer_partial.csv,673
Weaving frequency_3.8333,80.000_26.000_3.833_3.000,80.0,26.0,3.8333,3.0,60.0,7,10.3959,2.2985,Weaving frequency,Weaving frequency (Hz),3.8333,layer_partial.csv,674
Weaving frequency_3.9167,80.000_26.000_3.917_3.000,80.0,26.0,3.9167,3.0,60.0,7,10.4092,2.2811,Weaving frequency,Weaving frequency (Hz),3.9167,layer_partial.csv,675
Weaving frequency_4.0,80.000_26.000_4.000_3.000,80.0,26.0,4.0,3.0,60.0,7,10.3918,2.2648,Weaving frequency,Weaving frequency (Hz),4.0,layer_partial.csv,676
Weaving frequency_2.0,80.000_26.000_2.000_3.000,80.0,26.0,2.0,3.0,60.0,8,10.2375,2.5931,Weaving frequency,Weaving frequency (Hz),2.0,layer_partial.csv,677
Weaving frequency_2.0833,80.000_26.000_2.083_3.000,80.0,26.0,2.0833,3.0,60.0,8,10.2565,2.5791,Weaving frequency,Weaving frequency (Hz),2.0833,layer_partial.csv,678
Weaving frequency_2.1667,80.000_26.000_2.167_3.000,80.0,26.0,2.1667,3.0,60.0,8,10.2977,2.5724,Weaving frequency,Weaving frequency (Hz),2.1667,layer_partial.csv,679
Weaving frequency_2.25,80.000_26.000_2.250_3.000,80.0,26.0,2.25,3.0,60.0,8,10.3014,2.5597,Weaving frequency,Weaving frequency (Hz),2.25,layer_partial.csv,680
Weaving frequency_2.3333,80.000_26.000_2.333_3.000,80.0,26.0,2.3333,3.0,60.0,8,10.326,2.5413,Weaving frequency,Weaving frequency (Hz),2.3333,layer_partial.csv,681
Weaving frequency_2.4167,80.000_26.000_2.417_3.000,80.0,26.0,2.4167,3.0,60.0,8,10.3289,2.5265,Weaving frequency,Weaving frequency (Hz),2.4167,layer_partial.csv,682
Weaving frequency_2.5,80.000_26.000_2.500_3.000,80.0,26.0,2.5,3.0,60.0,8,10.33,2.5083,Weaving frequency,Weaving frequency (Hz),2.5,layer_partial.csv,683
Weaving frequency_2.5833,80.000_26.000_2.583_3.000,80.0,26.0,2.5833,3.0,60.0,8,10.3675,2.5148,Weaving frequency,Weaving frequency (Hz),2.5833,layer_partial.csv,684
Weaving frequency_2.6667,80.000_26.000_2.667_3.000,80.0,26.0,2.6667,3.0,60.0,8,10.3693,2.4871,Weaving frequency,Weaving frequency (Hz),2.6667,layer_partial.csv,685
Weaving frequency_2.75,80.000_26.000_2.750_3.000,80.0,26.0,2.75,3.0,60.0,8,10.3518,2.4707,Weaving frequency,Weaving frequency (Hz),2.75,layer_partial.csv,686
Weaving frequency_2.8333,80.000_26.000_2.833_3.000,80.0,26.0,2.8333,3.0,60.0,8,10.3857,2.4596,Weaving frequency,Weaving frequency (Hz),2.8333,layer_partial.csv,687
Weaving frequency_2.9167,80.000_26.000_2.917_3.000,80.0,26.0,2.9167,3.0,60.0,8,10.3978,2.4345,Weaving frequency,Weaving frequency (Hz),2.9167,layer_partial.csv,688
Weaving frequency_3.0,80.000_26.000_3.000_3.000,80.0,26.0,3.0,3.0,60.0,8,10.404,2.4205,Weaving frequency,Weaving frequency (Hz),3.0,layer_partial.csv,689
Weaving frequency_3.0833,80.000_26.000_3.083_3.000,80.0,26.0,3.0833,3.0,60.0,8,10.4047,2.4102,Weaving frequency,Weaving frequency (Hz),3.0833,layer_partial.csv,690
Weaving frequency_3.1667,80.000_26.000_3.167_3.000,80.0,26.0,3.1667,3.0,60.0,8,10.4004,2.3937,Weaving frequency,Weaving frequency (Hz),3.1667,layer_partial.csv,691
Weaving frequency_3.25,80.000_26.000_3.250_3.000,80.0,26.0,3.25,3.0,60.0,8,10.4068,2.3806,Weaving frequency,Weaving frequency (Hz),3.25,layer_partial.csv,692
Weaving frequency_3.3333,80.000_26.000_3.333_3.000,80.0,26.0,3.3333,3.0,60.0,8,10.406,2.3649,Weaving frequency,Weaving frequency (Hz),3.3333,layer_partial.csv,693
Weaving frequency_3.4167,80.000_26.000_3.417_3.000,80.0,26.0,3.4167,3.0,60.0,8,10.3976,2.3495,Weaving frequency,Weaving frequency (Hz),3.4167,layer_partial.csv,694
Weaving frequency_3.5,80.000_26.000_3.500_3.000,80.0,26.0,3.5,3.0,60.0,8,10.4084,2.3351,Weaving frequency,Weaving frequency (Hz),3.5,layer_partial.csv,695
Weaving frequency_3.5833,80.000_26.000_3.583_3.000,80.0,26.0,3.5833,3.0,60.0,8,10.4186,2.3141,Weaving frequency,Weaving frequency (Hz),3.5833,layer_partial.csv,696
Weaving frequency_3.6667,80.000_26.000_3.667_3.000,80.0,26.0,3.6667,3.0,60.0,8,10.4146,2.3176,Weaving frequency,Weaving frequency (Hz),3.6667,layer_partial.csv,697
Weaving frequency_3.75,80.000_26.000_3.750_3.000,80.0,26.0,3.75,3.0,60.0,8,10.4117,2.2949,Weaving frequency,Weaving frequency (Hz),3.75,layer_partial.csv,698
Weaving frequency_3.8333,80.000_26.000_3.833_3.000,80.0,26.0,3.8333,3.0,60.0,8,10.4132,2.2824,Weaving frequency,Weaving frequency (Hz),3.8333,layer_partial.csv,699
Weaving frequency_3.9167,80.000_26.000_3.917_3.000,80.0,26.0,3.9167,3.0,60.0,8,10.435,2.2677,Weaving frequency,Weaving frequency (Hz),3.9167,layer_partial.csv,700
Weaving frequency_4.0,80.000_26.000_4.000_3.000,80.0,26.0,4.0,3.0,60.0,8,10.4244,2.2445,Weaving frequency,Weaving frequency (Hz),4.0,layer_partial.csv,701
Weaving frequency_2.0,80.000_26.000_2.000_3.000,80.0,26.0,2.0,3.0,60.0,9,10.2719,2.583,Weaving frequency,Weaving frequency (Hz),2.0,layer_partial.csv,702
Weaving frequency_2.0833,80.000_26.000_2.083_3.000,80.0,26.0,2.0833,3.0,60.0,9,10.2949,2.5595,Weaving frequency,Weaving frequency (Hz),2.0833,layer_partial.csv,703
Weaving frequency_2.1667,80.000_26.000_2.167_3.000,80.0,26.0,2.1667,3.0,60.0,9,10.317,2.5434,Weaving frequency,Weaving frequency (Hz),2.1667,layer_partial.csv,704
Weaving frequency_2.25,80.000_26.000_2.250_3.000,80.0,26.0,2.25,3.0,60.0,9,10.3299,2.5429,Weaving frequency,Weaving frequency (Hz),2.25,layer_partial.csv,705
Weaving frequency_2.3333,80.000_26.000_2.333_3.000,80.0,26.0,2.3333,3.0,60.0,9,10.3559,2.5188,Weaving frequency,Weaving frequency (Hz),2.3333,layer_partial.csv,706
Weaving frequency_2.4167,80.000_26.000_2.417_3.000,80.0,26.0,2.4167,3.0,60.0,9,10.3782,2.5103,Weaving frequency,Weaving frequency (Hz),2.4167,layer_partial.csv,707
Weaving frequency_2.5,80.000_26.000_2.500_3.000,80.0,26.0,2.5,3.0,60.0,9,10.38,2.4955,Weaving frequency,Weaving frequency (Hz),2.5,layer_partial.csv,708
Weaving frequency_2.5833,80.000_26.000_2.583_3.000,80.0,26.0,2.5833,3.0,60.0,9,10.3832,2.4745,Weaving frequency,Weaving frequency (Hz),2.5833,layer_partial.csv,709
Weaving frequency_2.6667,80.000_26.000_2.667_3.000,80.0,26.0,2.6667,3.0,60.0,9,10.4079,2.4638,Weaving frequency,Weaving frequency (Hz),2.6667,layer_partial.csv,710
Weaving frequency_2.75,80.000_26.000_2.750_3.000,80.0,26.0,2.75,3.0,60.0,9,10.3965,2.4475,Weaving frequency,Weaving frequency (Hz),2.75,layer_partial.csv,711
Weaving frequency_2.8333,80.000_26.000_2.833_3.000,80.0,26.0,2.8333,3.0,60.0,9,10.4188,2.4336,Weaving frequency,Weaving frequency (Hz),2.8333,layer_partial.csv,712
Weaving frequency_2.9167,80.000_26.000_2.917_3.000,80.0,26.0,2.9167,3.0,60.0,9,10.4307,2.4192,Weaving frequency,Weaving frequency (Hz),2.9167,layer_partial.csv,713
Weaving frequency_3.0,80.000_26.000_3.000_3.000,80.0,26.0,3.0,3.0,60.0,9,10.416,2.4006,Weaving frequency,Weaving frequency (Hz),3.0,layer_partial.csv,714
Weaving frequency_3.0833,80.000_26.000_3.083_3.000,80.0,26.0,3.0833,3.0,60.0,9,10.4298,2.3907,Weaving frequency,Weaving frequency (Hz),3.0833,layer_partial.csv,715
Weaving frequency_3.1667,80.000_26.000_3.167_3.000,80.0,26.0,3.1667,3.0,60.0,9,10.4345,2.3857,Weaving frequency,Weaving frequency (Hz),3.1667,layer_partial.csv,716
Weaving frequency_3.25,80.000_26.000_3.250_3.000,80.0,26.0,3.25,3.0,60.0,9,10.4318,2.3588,Weaving frequency,Weaving frequency (Hz),3.25,layer_partial.csv,717
Weaving frequency_3.3333,80.000_26.000_3.333_3.000,80.0,26.0,3.3333,3.0,60.0,9,10.4403,2.3372,Weaving frequency,Weaving frequency (Hz),3.3333,layer_partial.csv,718
Weaving frequency_3.4167,80.000_26.000_3.417_3.000,80.0,26.0,3.4167,3.0,60.0,9,10.4573,2.3278,Weaving frequency,Weaving frequency (Hz),3.4167,layer_partial.csv,719
Weaving frequency_3.5,80.000_26.000_3.500_3.000,80.0,26.0,3.5,3.0,60.0,9,10.4596,2.3155,Weaving frequency,Weaving frequency (Hz),3.5,layer_partial.csv,720
Weaving frequency_3.5833,80.000_26.000_3.583_3.000,80.0,26.0,3.5833,3.0,60.0,9,10.4512,2.2961,Weaving frequency,Weaving frequency (Hz),3.5833,layer_partial.csv,721
Weaving frequency_3.6667,80.000_26.000_3.667_3.000,80.0,26.0,3.6667,3.0,60.0,9,10.4543,2.2802,Weaving frequency,Weaving frequency (Hz),3.6667,layer_partial.csv,722
Weaving frequency_3.75,80.000_26.000_3.750_3.000,80.0,26.0,3.75,3.0,60.0,9,10.4756,2.2861,Weaving frequency,Weaving frequency (Hz),3.75,layer_partial.csv,723
Weaving frequency_3.8333,80.000_26.000_3.833_3.000,80.0,26.0,3.8333,3.0,60.0,9,10.4744,2.2503,Weaving frequency,Weaving frequency (Hz),3.8333,layer_partial.csv,724
Weaving frequency_3.9167,80.000_26.000_3.917_3.000,80.0,26.0,3.9167,3.0,60.0,9,10.4614,2.2435,Weaving frequency,Weaving frequency (Hz),3.9167,layer_partial.csv,725
Weaving frequency_4.0,80.000_26.000_4.000_3.000,80.0,26.0,4.0,3.0,60.0,9,10.4688,2.228,Weaving frequency,Weaving frequency (Hz),4.0,layer_partial.csv,726
Weaving frequency_2.0,80.000_26.000_2.000_3.000,80.0,26.0,2.0,3.0,60.0,10,10.3098,2.5559,Weaving frequency,Weaving frequency (Hz),2.0,layer_partial.csv,727
Weaving frequency_2.0833,80.000_26.000_2.083_3.000,80.0,26.0,2.0833,3.0,60.0,10,10.3417,2.5384,Weaving frequency,Weaving frequency (Hz),2.0833,layer_partial.csv,728
Weaving frequency_2.1667,80.000_26.000_2.167_3.000,80.0,26.0,2.1667,3.0,60.0,10,10.351,2.5378,Weaving frequency,Weaving frequency (Hz),2.1667,layer_partial.csv,729
Weaving frequency_2.25,80.000_26.000_2.250_3.000,80.0,26.0,2.25,3.0,60.0,10,10.3669,2.519,Weaving frequency,Weaving frequency (Hz),2.25,layer_partial.csv,730
Weaving frequency_2.3333,80.000_26.000_2.333_3.000,80.0,26.0,2.3333,3.0,60.0,10,10.3811,2.5029,Weaving frequency,Weaving frequency (Hz),2.3333,layer_partial.csv,731
Weaving frequency_2.4167,80.000_26.000_2.417_3.000,80.0,26.0,2.4167,3.0,60.0,10,10.3974,2.4976,Weaving frequency,Weaving frequency (Hz),2.4167,layer_partial.csv,732
Weaving frequency_2.5,80.000_26.000_2.500_3.000,80.0,26.0,2.5,3.0,60.0,10,10.4164,2.4671,Weaving frequency,Weaving frequency (Hz),2.5,layer_partial.csv,733
Weaving frequency_2.5833,80.000_26.000_2.583_3.000,80.0,26.0,2.5833,3.0,60.0,10,10.414,2.4669,Weaving frequency,Weaving frequency (Hz),2.5833,layer_partial.csv,734
Weaving frequency_2.6667,80.000_26.000_2.667_3.000,80.0,26.0,2.6667,3.0,60.0,10,10.4404,2.4587,Weaving frequency,Weaving frequency (Hz),2.6667,layer_partial.csv,735
Weaving frequency_2.75,80.000_26.000_2.750_3.000,80.0,26.0,2.75,3.0,60.0,10,10.4335,2.4373,Weaving frequency,Weaving frequency (Hz),2.75,layer_partial.csv,736
Weaving frequency_2.8333,80.000_26.000_2.833_3.000,80.0,26.0,2.8333,3.0,60.0,10,10.4297,2.4337,Weaving frequency,Weaving frequency (Hz),2.8333,layer_partial.csv,737
Weaving frequency_2.9167,80.000_26.000_2.917_3.000,80.0,26.0,2.9167,3.0,60.0,10,10.4527,2.4024,Weaving frequency,Weaving frequency (Hz),2.9167,layer_partial.csv,738
Weaving frequency_3.0,80.000_26.000_3.000_3.000,80.0,26.0,3.0,3.0,60.0,10,10.4587,2.3875,Weaving frequency,Weaving frequency (Hz),3.0,layer_partial.csv,739
Weaving frequency_3.0833,80.000_26.000_3.083_3.000,80.0,26.0,3.0833,3.0,60.0,10,10.4524,2.3665,Weaving frequency,Weaving frequency (Hz),3.0833,layer_partial.csv,740
Weaving frequency_3.1667,80.000_26.000_3.167_3.000,80.0,26.0,3.1667,3.0,60.0,10,10.4599,2.365,Weaving frequency,Weaving frequency (Hz),3.1667,layer_partial.csv,741
Weaving frequency_3.25,80.000_26.000_3.250_3.000,80.0,26.0,3.25,3.0,60.0,10,10.4739,2.3511,Weaving frequency,Weaving frequency (Hz),3.25,layer_partial.csv,742
Weaving frequency_3.3333,80.000_26.000_3.333_3.000,80.0,26.0,3.3333,3.0,60.0,10,10.4924,2.3189,Weaving frequency,Weaving frequency (Hz),3.3333,layer_partial.csv,743
Weaving frequency_3.4167,80.000_26.000_3.417_3.000,80.0,26.0,3.4167,3.0,60.0,10,10.4805,2.3245,Weaving frequency,Weaving frequency (Hz),3.4167,layer_partial.csv,744
Weaving frequency_3.5,80.000_26.000_3.500_3.000,80.0,26.0,3.5,3.0,60.0,10,10.4816,2.2904,Weaving frequency,Weaving frequency (Hz),3.5,layer_partial.csv,745
Weaving frequency_3.5833,80.000_26.000_3.583_3.000,80.0,26.0,3.5833,3.0,60.0,10,10.4975,2.2774,Weaving frequency,Weaving frequency (Hz),3.5833,layer_partial.csv,746
Weaving frequency_3.6667,80.000_26.000_3.667_3.000,80.0,26.0,3.6667,3.0,60.0,10,10.4916,2.2608,Weaving frequency,Weaving frequency (Hz),3.6667,layer_partial.csv,747
Weaving frequency_3.75,80.000_26.000_3.750_3.000,80.0,26.0,3.75,3.0,60.0,10,10.4862,2.2453,Weaving frequency,Weaving frequency (Hz),3.75,layer_partial.csv,748
Weaving frequency_3.8333,80.000_26.000_3.833_3.000,80.0,26.0,3.8333,3.0,60.0,10,10.5061,2.2419,Weaving frequency,Weaving frequency (Hz),3.8333,layer_partial.csv,749
Weaving frequency_3.9167,80.000_26.000_3.917_3.000,80.0,26.0,3.9167,3.0,60.0,10,10.5006,2.2188,Weaving frequency,Weaving frequency (Hz),3.9167,layer_partial.csv,750
Weaving frequency_4.0,80.000_26.000_4.000_3.000,80.0,26.0,4.0,3.0,60.0,10,10.4995,2.1917,Weaving frequency,Weaving frequency (Hz),4.0,layer_partial.csv,751
Weaving amplitude_1.0,80.000_26.000_3.000_1.000,80.0,26.0,3.0,1.0,60.0,1,6.2184,3.5546,Weaving amplitude,Weaving amplitude (mm),1.0,layer_partial.csv,752
Weaving amplitude_1.1249,80.000_26.000_3.000_1.125,80.0,26.0,3.0,1.1249,60.0,1,6.5,3.3948,Weaving amplitude,Weaving amplitude (mm),1.1249,layer_partial.csv,753
Weaving amplitude_1.2501,80.000_26.000_3.000_1.250,80.0,26.0,3.0,1.2501,60.0,1,6.8917,3.2166,Weaving amplitude,Weaving amplitude (mm),1.2501,layer_partial.csv,754
Weaving amplitude_1.375,80.000_26.000_3.000_1.375,80.0,26.0,3.0,1.375,60.0,1,7.0781,3.1085,Weaving amplitude,Weaving amplitude (mm),1.375,layer_partial.csv,755
Weaving amplitude_1.4999,80.000_26.000_3.000_1.500,80.0,26.0,3.0,1.4999,60.0,1,7.4019,3.0154,Weaving amplitude,Weaving amplitude (mm),1.4999,layer_partial.csv,756
Weaving amplitude_1.6251,80.000_26.000_3.000_1.625,80.0,26.0,3.0,1.6251,60.0,1,7.8041,2.8703,Weaving amplitude,Weaving amplitude (mm),1.6251,layer_partial.csv,757
Weaving amplitude_1.75,80.000_26.000_3.000_1.750,80.0,26.0,3.0,1.75,60.0,1,8.1242,2.7997,Weaving amplitude,Weaving amplitude (mm),1.75,layer_partial.csv,758
Weaving amplitude_1.875,80.000_26.000_3.000_1.875,80.0,26.0,3.0,1.875,60.0,1,8.4234,2.702,Weaving amplitude,Weaving amplitude (mm),1.875,layer_partial.csv,759
Weaving amplitude_2.0,80.000_26.000_3.000_2.000,80.0,26.0,3.0,2.0,60.0,1,8.8251,2.633,Weaving amplitude,Weaving amplitude (mm),2.0,layer_partial.csv,760
Weaving amplitude_2.125,80.000_26.000_3.000_2.125,80.0,26.0,3.0,2.125,60.0,1,9.2141,2.5446,Weaving amplitude,Weaving amplitude (mm),2.125,layer_partial.csv,761
Weaving amplitude_2.25,80.000_26.000_3.000_2.250,80.0,26.0,3.0,2.25,60.0,1,9.4947,2.473,Weaving amplitude,Weaving amplitude (mm),2.25,layer_partial.csv,762
Weaving amplitude_2.375,80.000_26.000_3.000_2.375,80.0,26.0,3.0,2.375,60.0,1,9.9824,2.4682,Weaving amplitude,Weaving amplitude (mm),2.375,layer_partial.csv,763
Weaving amplitude_2.5,80.000_26.000_3.000_2.500,80.0,26.0,3.0,2.5,60.0,1,10.2146,2.4233,Weaving amplitude,Weaving amplitude (mm),2.5,layer_partial.csv,764
Weaving amplitude_2.625,80.000_26.000_3.000_2.625,80.0,26.0,3.0,2.625,60.0,1,10.4599,2.3255,Weaving amplitude,Weaving amplitude (mm),2.625,layer_partial.csv,765
Weaving amplitude_2.75,80.000_26.000_3.000_2.750,80.0,26.0,3.0,2.75,60.0,1,10.7342,2.3172,Weaving amplitude,Weaving amplitude (mm),2.75,layer_partial.csv,766
Weaving amplitude_2.875,80.000_26.000_3.000_2.875,80.0,26.0,3.0,2.875,60.0,1,11.0218,2.2962,Weaving amplitude,Weaving amplitude (mm),2.875,layer_partial.csv,767
Weaving amplitude_3.0,80.000_26.000_3.000_3.000,80.0,26.0,3.0,3.0,60.0,1,11.079,2.2359,Weaving amplitude,Weaving amplitude (mm),3.0,layer_partial.csv,768
Weaving amplitude_3.125,80.000_26.000_3.000_3.125,80.0,26.0,3.0,3.125,60.0,1,11.2991,2.2476,Weaving amplitude,Weaving amplitude (mm),3.125,layer_partial.csv,769
Weaving amplitude_3.25,80.000_26.000_3.000_3.250,80.0,26.0,3.0,3.25,60.0,1,11.4186,2.2044,Weaving amplitude,Weaving amplitude (mm),3.25,layer_partial.csv,770
Weaving amplitude_3.375,80.000_26.000_3.000_3.375,80.0,26.0,3.0,3.375,60.0,1,11.7895,2.1618,Weaving amplitude,Weaving amplitude (mm),3.375,layer_partial.csv,771
Weaving amplitude_3.5,80.000_26.000_3.000_3.500,80.0,26.0,3.0,3.5,60.0,1,12.1073,2.172,Weaving amplitude,Weaving amplitude (mm),3.5,layer_partial.csv,772
Weaving amplitude_3.625,80.000_26.000_3.000_3.625,80.0,26.0,3.0,3.625,60.0,1,12.2174,2.1725,Weaving amplitude,Weaving amplitude (mm),3.625,layer_partial.csv,773
Weaving amplitude_3.75,80.000_26.000_3.000_3.750,80.0,26.0,3.0,3.75,60.0,1,12.5313,2.1464,Weaving amplitude,Weaving amplitude (mm),3.75,layer_partial.csv,774
Weaving amplitude_3.875,80.000_26.000_3.000_3.875,80.0,26.0,3.0,3.875,60.0,1,12.6446,2.12,Weaving amplitude,Weaving amplitude (mm),3.875,layer_partial.csv,775
Weaving amplitude_4.0,80.000_26.000_3.000_4.000,80.0,26.0,3.0,4.0,60.0,1,12.9977,2.1328,Weaving amplitude,Weaving amplitude (mm),4.0,layer_partial.csv,776
Weaving amplitude_1.0,80.000_26.000_3.000_1.000,80.0,26.0,3.0,1.0,60.0,2,6.2559,3.5167,Weaving amplitude,Weaving amplitude (mm),1.0,layer_partial.csv,777
Weaving amplitude_1.1249,80.000_26.000_3.000_1.125,80.0,26.0,3.0,1.1249,60.0,2,6.5443,3.3453,Weaving amplitude,Weaving amplitude (mm),1.1249,layer_partial.csv,778
Weaving amplitude_1.2501,80.000_26.000_3.000_1.250,80.0,26.0,3.0,1.2501,60.0,2,6.8872,3.1947,Weaving amplitude,Weaving amplitude (mm),1.2501,layer_partial.csv,779
Weaving amplitude_1.375,80.000_26.000_3.000_1.375,80.0,26.0,3.0,1.375,60.0,2,7.1239,3.0907,Weaving amplitude,Weaving amplitude (mm),1.375,layer_partial.csv,780
Weaving amplitude_1.4999,80.000_26.000_3.000_1.500,80.0,26.0,3.0,1.4999,60.0,2,7.6123,2.9436,Weaving amplitude,Weaving amplitude (mm),1.4999,layer_partial.csv,781
Weaving amplitude_1.6251,80.000_26.000_3.000_1.625,80.0,26.0,3.0,1.6251,60.0,2,7.7817,2.8295,Weaving amplitude,Weaving amplitude (mm),1.6251,layer_partial.csv,782
Weaving amplitude_1.75,80.000_26.000_3.000_1.750,80.0,26.0,3.0,1.75,60.0,2,8.2997,2.754,Weaving amplitude,Weaving amplitude (mm),1.75,layer_partial.csv,783
Weaving amplitude_1.875,80.000_26.000_3.000_1.875,80.0,26.0,3.0,1.875,60.0,2,8.5502,2.6792,Weaving amplitude,Weaving amplitude (mm),1.875,layer_partial.csv,784
Weaving amplitude_2.0,80.000_26.000_3.000_2.000,80.0,26.0,3.0,2.0,60.0,2,8.9112,2.6081,Weaving amplitude,Weaving amplitude (mm),2.0,layer_partial.csv,785
Weaving amplitude_2.125,80.000_26.000_3.000_2.125,80.0,26.0,3.0,2.125,60.0,2,9.345,2.5213,Weaving amplitude,Weaving amplitude (mm),2.125,layer_partial.csv,786
Weaving amplitude_2.25,80.000_26.000_3.000_2.250,80.0,26.0,3.0,2.25,60.0,2,9.6125,2.486,Weaving amplitude,Weaving amplitude (mm),2.25,layer_partial.csv,787
Weaving amplitude_2.375,80.000_26.000_3.000_2.375,80.0,26.0,3.0,2.375,60.0,2,10.0694,2.4208,Weaving amplitude,Weaving amplitude (mm),2.375,layer_partial.csv,788
Weaving amplitude_2.5,80.000_26.000_3.000_2.500,80.0,26.0,3.0,2.5,60.0,2,10.3523,2.3776,Weaving amplitude,Weaving amplitude (mm),2.5,layer_partial.csv,789
Weaving amplitude_2.625,80.000_26.000_3.000_2.625,80.0,26.0,3.0,2.625,60.0,2,10.5674,2.3525,Weaving amplitude,Weaving amplitude (mm),2.625,layer_partial.csv,790
Weaving amplitude_2.75,80.000_26.000_3.000_2.750,80.0,26.0,3.0,2.75,60.0,2,10.8401,2.2946,Weaving amplitude,Weaving amplitude (mm),2.75,layer_partial.csv,791
Weaving amplitude_2.875,80.000_26.000_3.000_2.875,80.0,26.0,3.0,2.875,60.0,2,10.9966,2.2698,Weaving amplitude,Weaving amplitude (mm),2.875,layer_partial.csv,792
Weaving amplitude_3.0,80.000_26.000_3.000_3.000,80.0,26.0,3.0,3.0,60.0,2,11.1556,2.2258,Weaving amplitude,Weaving amplitude (mm),3.0,layer_partial.csv,793
Weaving amplitude_3.125,80.000_26.000_3.000_3.125,80.0,26.0,3.0,3.125,60.0,2,11.3648,2.2006,Weaving amplitude,Weaving amplitude (mm),3.125,layer_partial.csv,794
Weaving amplitude_3.25,80.000_26.000_3.000_3.250,80.0,26.0,3.0,3.25,60.0,2,11.6621,2.2205,Weaving amplitude,Weaving amplitude (mm),3.25,layer_partial.csv,795
Weaving amplitude_3.375,80.000_26.000_3.000_3.375,80.0,26.0,3.0,3.375,60.0,2,11.8649,2.1909,Weaving amplitude,Weaving amplitude (mm),3.375,layer_partial.csv,796
Weaving amplitude_3.5,80.000_26.000_3.000_3.500,80.0,26.0,3.0,3.5,60.0,2,12.1155,2.1145,Weaving amplitude,Weaving amplitude (mm),3.5,layer_partial.csv,797
Weaving amplitude_3.625,80.000_26.000_3.000_3.625,80.0,26.0,3.0,3.625,60.0,2,12.1795,2.1533,Weaving amplitude,Weaving amplitude (mm),3.625,layer_partial.csv,798
Weaving amplitude_3.75,80.000_26.000_3.000_3.750,80.0,26.0,3.0,3.75,60.0,2,12.4163,2.0943,Weaving amplitude,Weaving amplitude (mm),3.75,layer_partial.csv,799
Weaving amplitude_3.875,80.000_26.000_3.000_3.875,80.0,26.0,3.0,3.875,60.0,2,12.7229,2.1348,Weaving amplitude,Weaving amplitude (mm),3.875,layer_partial.csv,800
Weaving amplitude_4.0,80.000_26.000_3.000_4.000,80.0,26.0,3.0,4.0,60.0,2,12.9839,2.0954,Weaving amplitude,Weaving amplitude (mm),4.0,layer_partial.csv,801
Weaving amplitude_1.0,80.000_26.000_3.000_1.000,80.0,26.0,3.0,1.0,60.0,3,6.2235,3.4704,Weaving amplitude,Weaving amplitude (mm),1.0,layer_partial.csv,802
Weaving amplitude_1.1249,80.000_26.000_3.000_1.125,80.0,26.0,3.0,1.1249,60.0,3,6.5537,3.3231,Weaving amplitude,Weaving amplitude (mm),1.1249,layer_partial.csv,803
Weaving amplitude_1.2501,80.000_26.000_3.000_1.250,80.0,26.0,3.0,1.2501,60.0,3,7.0298,3.2131,Weaving amplitude,Weaving amplitude (mm),1.2501,layer_partial.csv,804
Weaving amplitude_1.375,80.000_26.000_3.000_1.375,80.0,26.0,3.0,1.375,60.0,3,7.2821,3.0694,Weaving amplitude,Weaving amplitude (mm),1.375,layer_partial.csv,805
Weaving amplitude_1.4999,80.000_26.000_3.000_1.500,80.0,26.0,3.0,1.4999,60.0,3,7.5589,2.9509,Weaving amplitude,Weaving amplitude (mm),1.4999,layer_partial.csv,806
Weaving amplitude_1.6251,80.000_26.000_3.000_1.625,80.0,26.0,3.0,1.6251,60.0,3,7.9874,2.811,Weaving amplitude,Weaving amplitude (mm),1.6251,layer_partial.csv,807
Weaving amplitude_1.75,80.000_26.000_3.000_1.750,80.0,26.0,3.0,1.75,60.0,3,8.2472,2.7315,Weaving amplitude,Weaving amplitude (mm),1.75,layer_partial.csv,808
Weaving amplitude_1.875,80.000_26.000_3.000_1.875,80.0,26.0,3.0,1.875,60.0,3,8.5379,2.6609,Weaving amplitude,Weaving amplitude (mm),1.875,layer_partial.csv,809
Weaving amplitude_2.0,80.000_26.000_3.000_2.000,80.0,26.0,3.0,2.0,60.0,3,8.9458,2.5725,Weaving amplitude,Weaving amplitude (mm),2.0,layer_partial.csv,810
Weaving amplitude_2.125,80.000_26.000_3.000_2.125,80.0,26.0,3.0,2.125,60.0,3,9.3532,2.4858,Weaving amplitude,Weaving amplitude (mm),2.125,layer_partial.csv,811
Weaving amplitude_2.25,80.000_26.000_3.000_2.250,80.0,26.0,3.0,2.25,60.0,3,9.5267,2.4648,Weaving amplitude,Weaving amplitude (mm),2.25,layer_partial.csv,812
Weaving amplitude_2.375,80.000_26.000_3.000_2.375,80.0,26.0,3.0,2.375,60.0,3,10.0069,2.4088,Weaving amplitude,Weaving amplitude (mm),2.375,layer_partial.csv,813
Weaving amplitude_2.5,80.000_26.000_3.000_2.500,80.0,26.0,3.0,2.5,60.0,3,10.3425,2.361,Weaving amplitude,Weaving amplitude (mm),2.5,layer_partial.csv,814
Weaving amplitude_2.625,80.000_26.000_3.000_2.625,80.0,26.0,3.0,2.625,60.0,3,10.6449,2.3151,Weaving amplitude,Weaving amplitude (mm),2.625,layer_partial.csv,815
Weaving amplitude_2.75,80.000_26.000_3.000_2.750,80.0,26.0,3.0,2.75,60.0,3,10.8808,2.3072,Weaving amplitude,Weaving amplitude (mm),2.75,layer_partial.csv,816
Weaving amplitude_2.875,80.000_26.000_3.000_2.875,80.0,26.0,3.0,2.875,60.0,3,11.0976,2.2742,Weaving amplitude,Weaving amplitude (mm),2.875,layer_partial.csv,817
Weaving amplitude_3.0,80.000_26.000_3.000_3.000,80.0,26.0,3.0,3.0,60.0,3,11.2954,2.2348,Weaving amplitude,Weaving amplitude (mm),3.0,layer_partial.csv,818
Weaving amplitude_3.125,80.000_26.000_3.000_3.125,80.0,26.0,3.0,3.125,60.0,3,11.4241,2.1756,Weaving amplitude,Weaving amplitude (mm),3.125,layer_partial.csv,819
Weaving amplitude_3.25,80.000_26.000_3.000_3.250,80.0,26.0,3.0,3.25,60.0,3,11.8353,2.2016,Weaving amplitude,Weaving amplitude (mm),3.25,layer_partial.csv,820
Weaving amplitude_3.375,80.000_26.000_3.000_3.375,80.0,26.0,3.0,3.375,60.0,3,11.9012,2.1696,Weaving amplitude,Weaving amplitude (mm),3.375,layer_partial.csv,821
Weaving amplitude_3.5,80.000_26.000_3.000_3.500,80.0,26.0,3.0,3.5,60.0,3,12.1639,2.1481,Weaving amplitude,Weaving amplitude (mm),3.5,layer_partial.csv,822
Weaving amplitude_3.625,80.000_26.000_3.000_3.625,80.0,26.0,3.0,3.625,60.0,3,12.4475,2.1027,Weaving amplitude,Weaving amplitude (mm),3.625,layer_partial.csv,823
Weaving amplitude_3.75,80.000_26.000_3.000_3.750,80.0,26.0,3.0,3.75,60.0,3,12.6306,2.0885,Weaving amplitude,Weaving amplitude (mm),3.75,layer_partial.csv,824
Weaving amplitude_3.875,80.000_26.000_3.000_3.875,80.0,26.0,3.0,3.875,60.0,3,12.8887,2.1065,Weaving amplitude,Weaving amplitude (mm),3.875,layer_partial.csv,825
Weaving amplitude_4.0,80.000_26.000_3.000_4.000,80.0,26.0,3.0,4.0,60.0,3,12.974,2.074,Weaving amplitude,Weaving amplitude (mm),4.0,layer_partial.csv,826
Weaving amplitude_1.0,80.000_26.000_3.000_1.000,80.0,26.0,3.0,1.0,60.0,4,6.3421,3.4812,Weaving amplitude,Weaving amplitude (mm),1.0,layer_partial.csv,827
Weaving amplitude_1.1249,80.000_26.000_3.000_1.125,80.0,26.0,3.0,1.1249,60.0,4,6.5759,3.2828,Weaving amplitude,Weaving amplitude (mm),1.1249,layer_partial.csv,828
Weaving amplitude_1.2501,80.000_26.000_3.000_1.250,80.0,26.0,3.0,1.2501,60.0,4,7.0178,3.1757,Weaving amplitude,Weaving amplitude (mm),1.2501,layer_partial.csv,829
Weaving amplitude_1.375,80.000_26.000_3.000_1.375,80.0,26.0,3.0,1.375,60.0,4,7.2383,2.993,Weaving amplitude,Weaving amplitude (mm),1.375,layer_partial.csv,830
Weaving amplitude_1.4999,80.000_26.000_3.000_1.500,80.0,26.0,3.0,1.4999,60.0,4,7.6263,2.8827,Weaving amplitude,Weaving amplitude (mm),1.4999,layer_partial.csv,831
Weaving amplitude_1.6251,80.000_26.000_3.000_1.625,80.0,26.0,3.0,1.6251,60.0,4,7.9957,2.8193,Weaving amplitude,Weaving amplitude (mm),1.6251,layer_partial.csv,832
Weaving amplitude_1.75,80.000_26.000_3.000_1.750,80.0,26.0,3.0,1.75,60.0,4,8.3677,2.7514,Weaving amplitude,Weaving amplitude (mm),1.75,layer_partial.csv,833
Weaving amplitude_1.875,80.000_26.000_3.000_1.875,80.0,26.0,3.0,1.875,60.0,4,8.6946,2.6532,Weaving amplitude,Weaving amplitude (mm),1.875,layer_partial.csv,834
Weaving amplitude_2.0,80.000_26.000_3.000_2.000,80.0,26.0,3.0,2.0,60.0,4,9.0571,2.5561,Weaving amplitude,Weaving amplitude (mm),2.0,layer_partial.csv,835
Weaving amplitude_2.125,80.000_26.000_3.000_2.125,80.0,26.0,3.0,2.125,60.0,4,9.527,2.4933,Weaving amplitude,Weaving amplitude (mm),2.125,layer_partial.csv,836
Weaving amplitude_2.25,80.000_26.000_3.000_2.250,80.0,26.0,3.0,2.25,60.0,4,9.7257,2.4334,Weaving amplitude,Weaving amplitude (mm),2.25,layer_partial.csv,837
Weaving amplitude_2.375,80.000_26.000_3.000_2.375,80.0,26.0,3.0,2.375,60.0,4,10.0848,2.3725,Weaving amplitude,Weaving amplitude (mm),2.375,layer_partial.csv,838
Weaving amplitude_2.5,80.000_26.000_3.000_2.500,80.0,26.0,3.0,2.5,60.0,4,10.4935,2.3298,Weaving amplitude,Weaving amplitude (mm),2.5,layer_partial.csv,839
Weaving amplitude_2.625,80.000_26.000_3.000_2.625,80.0,26.0,3.0,2.625,60.0,4,10.6483,2.3061,Weaving amplitude,Weaving amplitude (mm),2.625,layer_partial.csv,840
Weaving amplitude_2.75,80.000_26.000_3.000_2.750,80.0,26.0,3.0,2.75,60.0,4,10.8248,2.2542,Weaving amplitude,Weaving amplitude (mm),2.75,layer_partial.csv,841
Weaving amplitude_2.875,80.000_26.000_3.000_2.875,80.0,26.0,3.0,2.875,60.0,4,11.0817,2.2298,Weaving amplitude,Weaving amplitude (mm),2.875,layer_partial.csv,842
Weaving amplitude_3.0,80.000_26.000_3.000_3.000,80.0,26.0,3.0,3.0,60.0,4,11.2888,2.2098,Weaving amplitude,Weaving amplitude (mm),3.0,layer_partial.csv,843
Weaving amplitude_3.125,80.000_26.000_3.000_3.125,80.0,26.0,3.0,3.125,60.0,4,11.5907,2.1612,Weaving amplitude,Weaving amplitude (mm),3.125,layer_partial.csv,844
Weaving amplitude_3.25,80.000_26.000_3.000_3.250,80.0,26.0,3.0,3.25,60.0,4,11.8046,2.1211,Weaving amplitude,Weaving amplitude (mm),3.25,layer_partial.csv,845
Weaving amplitude_3.375,80.000_26.000_3.000_3.375,80.0,26.0,3.0,3.375,60.0,4,12.011,2.1461,Weaving amplitude,Weaving amplitude (mm),3.375,layer_partial.csv,846
Weaving amplitude_3.5,80.000_26.000_3.000_3.500,80.0,26.0,3.0,3.5,60.0,4,12.0868,2.1161,Weaving amplitude,Weaving amplitude (mm),3.5,layer_partial.csv,847
Weaving amplitude_3.625,80.000_26.000_3.000_3.625,80.0,26.0,3.0,3.625,60.0,4,12.4171,2.1355,Weaving amplitude,Weaving amplitude (mm),3.625,layer_partial.csv,848
Weaving amplitude_3.75,80.000_26.000_3.000_3.750,80.0,26.0,3.0,3.75,60.0,4,12.6885,2.0714,Weaving amplitude,Weaving amplitude (mm),3.75,layer_partial.csv,849
Weaving amplitude_3.875,80.000_26.000_3.000_3.875,80.0,26.0,3.0,3.875,60.0,4,12.8041,2.1083,Weaving amplitude,Weaving amplitude (mm),3.875,layer_partial.csv,850
Weaving amplitude_4.0,80.000_26.000_3.000_4.000,80.0,26.0,3.0,4.0,60.0,4,13.1048,2.0606,Weaving amplitude,Weaving amplitude (mm),4.0,layer_partial.csv,851
Weaving amplitude_1.0,80.000_26.000_3.000_1.000,80.0,26.0,3.0,1.0,60.0,5,6.5181,3.4741,Weaving amplitude,Weaving amplitude (mm),1.0,layer_partial.csv,852
Weaving amplitude_1.1249,80.000_26.000_3.000_1.125,80.0,26.0,3.0,1.1249,60.0,5,6.7415,3.2947,Weaving amplitude,Weaving amplitude (mm),1.1249,layer_partial.csv,853
Weaving amplitude_1.2501,80.000_26.000_3.000_1.250,80.0,26.0,3.0,1.2501,60.0,5,6.8648,3.1176,Weaving amplitude,Weaving amplitude (mm),1.2501,layer_partial.csv,854
Weaving amplitude_1.375,80.000_26.000_3.000_1.375,80.0,26.0,3.0,1.375,60.0,5,7.4864,3.0594,Weaving amplitude,Weaving amplitude (mm),1.375,layer_partial.csv,855
Weaving amplitude_1.4999,80.000_26.000_3.000_1.500,80.0,26.0,3.0,1.4999,60.0,5,7.7565,2.8589,Weaving amplitude,Weaving amplitude (mm),1.4999,layer_partial.csv,856
Weaving amplitude_1.6251,80.000_26.000_3.000_1.625,80.0,26.0,3.0,1.6251,60.0,5,8.0443,2.8183,Weaving amplitude,Weaving amplitude (mm),1.6251,layer_partial.csv,857
Weaving amplitude_1.75,80.000_26.000_3.000_1.750,80.0,26.0,3.0,1.75,60.0,5,8.4781,2.6623,Weaving amplitude,Weaving amplitude (mm),1.75,layer_partial.csv,858
Weaving amplitude_1.875,80.000_26.000_3.000_1.875,80.0,26.0,3.0,1.875,60.0,5,8.9227,2.6078,Weaving amplitude,Weaving amplitude (mm),1.875,layer_partial.csv,859
Weaving amplitude_2.0,80.000_26.000_3.000_2.000,80.0,26.0,3.0,2.0,60.0,5,9.206,2.5335,Weaving amplitude,Weaving amplitude (mm),2.0,layer_partial.csv,860
Weaving amplitude_2.125,80.000_26.000_3.000_2.125,80.0,26.0,3.0,2.125,60.0,5,9.5595,2.4775,Weaving amplitude,Weaving amplitude (mm),2.125,layer_partial.csv,861
Weaving amplitude_2.25,80.000_26.000_3.000_2.250,80.0,26.0,3.0,2.25,60.0,5,9.8591,2.403,Weaving amplitude,Weaving amplitude (mm),2.25,layer_partial.csv,862
Weaving amplitude_2.375,80.000_26.000_3.000_2.375,80.0,26.0,3.0,2.375,60.0,5,10.1816,2.3471,Weaving amplitude,Weaving amplitude (mm),2.375,layer_partial.csv,863
Weaving amplitude_2.5,80.000_26.000_3.000_2.500,80.0,26.0,3.0,2.5,60.0,5,10.6749,2.3099,Weaving amplitude,Weaving amplitude (mm),2.5,layer_partial.csv,864
Weaving amplitude_2.625,80.000_26.000_3.000_2.625,80.0,26.0,3.0,2.625,60.0,5,10.7957,2.2602,Weaving amplitude,Weaving amplitude (mm),2.625,layer_partial.csv,865
Weaving amplitude_2.75,80.000_26.000_3.000_2.750,80.0,26.0,3.0,2.75,60.0,5,11.0606,2.2577,Weaving amplitude,Weaving amplitude (mm),2.75,layer_partial.csv,866
Weaving amplitude_2.875,80.000_26.000_3.000_2.875,80.0,26.0,3.0,2.875,60.0,5,11.2986,2.2098,Weaving amplitude,Weaving amplitude (mm),2.875,layer_partial.csv,867
Weaving amplitude_3.0,80.000_26.000_3.000_3.000,80.0,26.0,3.0,3.0,60.0,5,11.3969,2.1485,Weaving amplitude,Weaving amplitude (mm),3.0,layer_partial.csv,868
Weaving amplitude_3.125,80.000_26.000_3.000_3.125,80.0,26.0,3.0,3.125,60.0,5,11.6946,2.1716,Weaving amplitude,Weaving amplitude (mm),3.125,layer_partial.csv,869
Weaving amplitude_3.25,80.000_26.000_3.000_3.250,80.0,26.0,3.0,3.25,60.0,5,11.8746,2.1278,Weaving amplitude,Weaving amplitude (mm),3.25,layer_partial.csv,870
Weaving amplitude_3.375,80.000_26.000_3.000_3.375,80.0,26.0,3.0,3.375,60.0,5,12.0297,2.1117,Weaving amplitude,Weaving amplitude (mm),3.375,layer_partial.csv,871
Weaving amplitude_3.5,80.000_26.000_3.000_3.500,80.0,26.0,3.0,3.5,60.0,5,12.2236,2.068,Weaving amplitude,Weaving amplitude (mm),3.5,layer_partial.csv,872
Weaving amplitude_3.625,80.000_26.000_3.000_3.625,80.0,26.0,3.0,3.625,60.0,5,12.5951,2.0514,Weaving amplitude,Weaving amplitude (mm),3.625,layer_partial.csv,873
Weaving amplitude_3.75,80.000_26.000_3.000_3.750,80.0,26.0,3.0,3.75,60.0,5,12.8582,2.0658,Weaving amplitude,Weaving amplitude (mm),3.75,layer_partial.csv,874
Weaving amplitude_3.875,80.000_26.000_3.000_3.875,80.0,26.0,3.0,3.875,60.0,5,12.9941,2.0754,Weaving amplitude,Weaving amplitude (mm),3.875,layer_partial.csv,875
Weaving amplitude_4.0,80.000_26.000_3.000_4.000,80.0,26.0,3.0,4.0,60.0,5,13.2498,2.0216,Weaving amplitude,Weaving amplitude (mm),4.0,layer_partial.csv,876
Weaving amplitude_1.0,80.000_26.000_3.000_1.000,80.0,26.0,3.0,1.0,60.0,6,6.5606,3.4674,Weaving amplitude,Weaving amplitude (mm),1.0,layer_partial.csv,877
Weaving amplitude_1.1249,80.000_26.000_3.000_1.125,80.0,26.0,3.0,1.1249,60.0,6,6.7527,3.2527,Weaving amplitude,Weaving amplitude (mm),1.1249,layer_partial.csv,878
Weaving amplitude_1.2501,80.000_26.000_3.000_1.250,80.0,26.0,3.0,1.2501,60.0,6,7.2088,3.1015,Weaving amplitude,Weaving amplitude (mm),1.2501,layer_partial.csv,879
Weaving amplitude_1.375,80.000_26.000_3.000_1.375,80.0,26.0,3.0,1.375,60.0,6,7.3204,3.0004,Weaving amplitude,Weaving amplitude (mm),1.375,layer_partial.csv,880
Weaving amplitude_1.4999,80.000_26.000_3.000_1.500,80.0,26.0,3.0,1.4999,60.0,6,7.7874,2.8723,Weaving amplitude,Weaving amplitude (mm),1.4999,layer_partial.csv,881
Weaving amplitude_1.6251,80.000_26.000_3.000_1.625,80.0,26.0,3.0,1.6251,60.0,6,8.1197,2.7278,Weaving amplitude,Weaving amplitude (mm),1.6251,layer_partial.csv,882
Weaving amplitude_1.75,80.000_26.000_3.000_1.750,80.0,26.0,3.0,1.75,60.0,6,8.5021,2.6404,Weaving amplitude,Weaving amplitude (mm),1.75,layer_partial.csv,883
Weaving amplitude_1.875,80.000_26.000_3.000_1.875,80.0,26.0,3.0,1.875,60.0,6,8.7779,2.6057,Weaving amplitude,Weaving amplitude (mm),1.875,layer_partial.csv,884
Weaving amplitude_2.0,80.000_26.000_3.000_2.000,80.0,26.0,3.0,2.0,60.0,6,9.2192,2.5059,Weaving amplitude,Weaving amplitude (mm),2.0,layer_partial.csv,885
Weaving amplitude_2.125,80.000_26.000_3.000_2.125,80.0,26.0,3.0,2.125,60.0,6,9.592,2.4684,Weaving amplitude,Weaving amplitude (mm),2.125,layer_partial.csv,886
Weaving amplitude_2.25,80.000_26.000_3.000_2.250,80.0,26.0,3.0,2.25,60.0,6,9.9111,2.4163,Weaving amplitude,Weaving amplitude (mm),2.25,layer_partial.csv,887
Weaving amplitude_2.375,80.000_26.000_3.000_2.375,80.0,26.0,3.0,2.375,60.0,6,10.3216,2.3459,Weaving amplitude,Weaving amplitude (mm),2.375,layer_partial.csv,888
Weaving amplitude_2.5,80.000_26.000_3.000_2.500,80.0,26.0,3.0,2.5,60.0,6,10.725,2.2804,Weaving amplitude,Weaving amplitude (mm),2.5,layer_partial.csv,889
Weaving amplitude_2.625,80.000_26.000_3.000_2.625,80.0,26.0,3.0,2.625,60.0,6,10.9256,2.2277,Weaving amplitude,Weaving amplitude (mm),2.625,layer_partial.csv,890
Weaving amplitude_2.75,80.000_26.000_3.000_2.750,80.0,26.0,3.0,2.75,60.0,6,11.0042,2.1899,Weaving amplitude,Weaving amplitude (mm),2.75,layer_partial.csv,891
Weaving amplitude_2.875,80.000_26.000_3.000_2.875,80.0,26.0,3.0,2.875,60.0,6,11.2369,2.19,Weaving amplitude,Weaving amplitude (mm),2.875,layer_partial.csv,892
Weaving amplitude_3.0,80.000_26.000_3.000_3.000,80.0,26.0,3.0,3.0,60.0,6,11.5647,2.1576,Weaving amplitude,Weaving amplitude (mm),3.0,layer_partial.csv,893
Weaving amplitude_3.125,80.000_26.000_3.000_3.125,80.0,26.0,3.0,3.125,60.0,6,11.6898,2.1191,Weaving amplitude,Weaving amplitude (mm),3.125,layer_partial.csv,894
Weaving amplitude_3.25,80.000_26.000_3.000_3.250,80.0,26.0,3.0,3.25,60.0,6,11.9788,2.0999,Weaving amplitude,Weaving amplitude (mm),3.25,layer_partial.csv,895
Weaving amplitude_3.375,80.000_26.000_3.000_3.375,80.0,26.0,3.0,3.375,60.0,6,12.1403,2.1,Weaving amplitude,Weaving amplitude (mm),3.375,layer_partial.csv,896
Weaving amplitude_3.5,80.000_26.000_3.000_3.500,80.0,26.0,3.0,3.5,60.0,6,12.3993,2.0575,Weaving amplitude,Weaving amplitude (mm),3.5,layer_partial.csv,897
Weaving amplitude_3.625,80.000_26.000_3.000_3.625,80.0,26.0,3.0,3.625,60.0,6,12.7166,2.0535,Weaving amplitude,Weaving amplitude (mm),3.625,layer_partial.csv,898
Weaving amplitude_3.75,80.000_26.000_3.000_3.750,80.0,26.0,3.0,3.75,60.0,6,12.7668,2.0043,Weaving amplitude,Weaving amplitude (mm),3.75,layer_partial.csv,899
Weaving amplitude_3.875,80.000_26.000_3.000_3.875,80.0,26.0,3.0,3.875,60.0,6,13.0141,1.992,Weaving amplitude,Weaving amplitude (mm),3.875,layer_partial.csv,900
Weaving amplitude_4.0,80.000_26.000_3.000_4.000,80.0,26.0,3.0,4.0,60.0,6,13.3134,1.9721,Weaving amplitude,Weaving amplitude (mm),4.0,layer_partial.csv,901
Weaving amplitude_1.0,80.000_26.000_3.000_1.000,80.0,26.0,3.0,1.0,60.0,7,6.4827,3.3897,Weaving amplitude,Weaving amplitude (mm),1.0,layer_partial.csv,902
Weaving amplitude_1.1249,80.000_26.000_3.000_1.125,80.0,26.0,3.0,1.1249,60.0,7,6.7864,3.2382,Weaving amplitude,Weaving amplitude (mm),1.1249,layer_partial.csv,903
Weaving amplitude_1.2501,80.000_26.000_3.000_1.250,80.0,26.0,3.0,1.2501,60.0,7,7.0727,3.107,Weaving amplitude,Weaving amplitude (mm),1.2501,layer_partial.csv,904
Weaving amplitude_1.375,80.000_26.000_3.000_1.375,80.0,26.0,3.0,1.375,60.0,7,7.4629,2.9343,Weaving amplitude,Weaving amplitude (mm),1.375,layer_partial.csv,905
Weaving amplitude_1.4999,80.000_26.000_3.000_1.500,80.0,26.0,3.0,1.4999,60.0,7,7.7373,2.8716,Weaving amplitude,Weaving amplitude (mm),1.4999,layer_partial.csv,906
Weaving amplitude_1.6251,80.000_26.000_3.000_1.625,80.0,26.0,3.0,1.6251,60.0,7,8.1312,2.7365,Weaving amplitude,Weaving amplitude (mm),1.6251,layer_partial.csv,907
Weaving amplitude_1.75,80.000_26.000_3.000_1.750,80.0,26.0,3.0,1.75,60.0,7,8.5482,2.6578,Weaving amplitude,Weaving amplitude (mm),1.75,layer_partial.csv,908
Weaving amplitude_1.875,80.000_26.000_3.000_1.875,80.0,26.0,3.0,1.875,60.0,7,8.7891,2.5484,Weaving amplitude,Weaving amplitude (mm),1.875,layer_partial.csv,909
Weaving amplitude_2.0,80.000_26.000_3.000_2.000,80.0,26.0,3.0,2.0,60.0,7,9.212,2.4967,Weaving amplitude,Weaving amplitude (mm),2.0,layer_partial.csv,910
Weaving amplitude_2.125,80.000_26.000_3.000_2.125,80.0,26.0,3.0,2.125,60.0,7,9.6744,2.388,Weaving amplitude,Weaving amplitude (mm),2.125,layer_partial.csv,911
Weaving amplitude_2.25,80.000_26.000_3.000_2.250,80.0,26.0,3.0,2.25,60.0,7,10.0148,2.3369,Weaving amplitude,Weaving amplitude (mm),2.25,layer_partial.csv,912
Weaving amplitude_2.375,80.000_26.000_3.000_2.375,80.0,26.0,3.0,2.375,60.0,7,10.4278,2.3066,Weaving amplitude,Weaving amplitude (mm),2.375,layer_partial.csv,913
Weaving amplitude_2.5,80.000_26.000_3.000_2.500,80.0,26.0,3.0,2.5,60.0,7,10.7256,2.2655,Weaving amplitude,Weaving amplitude (mm),2.5,layer_partial.csv,914
Weaving amplitude_2.625,80.000_26.000_3.000_2.625,80.0,26.0,3.0,2.625,60.0,7,11.0198,2.2263,Weaving amplitude,Weaving amplitude (mm),2.625,layer_partial.csv,915
Weaving amplitude_2.75,80.000_26.000_3.000_2.750,80.0,26.0,3.0,2.75,60.0,7,11.1928,2.1778,Weaving amplitude,Weaving amplitude (mm),2.75,layer_partial.csv,916
Weaving amplitude_2.875,80.000_26.000_3.000_2.875,80.0,26.0,3.0,2.875,60.0,7,11.3081,2.1581,Weaving amplitude,Weaving amplitude (mm),2.875,layer_partial.csv,917
Weaving amplitude_3.0,80.000_26.000_3.000_3.000,80.0,26.0,3.0,3.0,60.0,7,11.5836,2.096,Weaving amplitude,Weaving amplitude (mm),3.0,layer_partial.csv,918
Weaving amplitude_3.125,80.000_26.000_3.000_3.125,80.0,26.0,3.0,3.125,60.0,7,11.5941,2.1029,Weaving amplitude,Weaving amplitude (mm),3.125,layer_partial.csv,919
Weaving amplitude_3.25,80.000_26.000_3.000_3.250,80.0,26.0,3.0,3.25,60.0,7,12.0111,2.1135,Weaving amplitude,Weaving amplitude (mm),3.25,layer_partial.csv,920
Weaving amplitude_3.375,80.000_26.000_3.000_3.375,80.0,26.0,3.0,3.375,60.0,7,12.1521,2.0402,Weaving amplitude,Weaving amplitude (mm),3.375,layer_partial.csv,921
Weaving amplitude_3.5,80.000_26.000_3.000_3.500,80.0,26.0,3.0,3.5,60.0,7,12.4762,2.0291,Weaving amplitude,Weaving amplitude (mm),3.5,layer_partial.csv,922
Weaving amplitude_3.625,80.000_26.000_3.000_3.625,80.0,26.0,3.0,3.625,60.0,7,12.7354,2.0335,Weaving amplitude,Weaving amplitude (mm),3.625,layer_partial.csv,923
Weaving amplitude_3.75,80.000_26.000_3.000_3.750,80.0,26.0,3.0,3.75,60.0,7,13.0222,2.0403,Weaving amplitude,Weaving amplitude (mm),3.75,layer_partial.csv,924
Weaving amplitude_3.875,80.000_26.000_3.000_3.875,80.0,26.0,3.0,3.875,60.0,7,13.1953,1.9988,Weaving amplitude,Weaving amplitude (mm),3.875,layer_partial.csv,925
Weaving amplitude_4.0,80.000_26.000_3.000_4.000,80.0,26.0,3.0,4.0,60.0,7,13.355,1.9997,Weaving amplitude,Weaving amplitude (mm),4.0,layer_partial.csv,926
Weaving amplitude_1.0,80.000_26.000_3.000_1.000,80.0,26.0,3.0,1.0,60.0,8,6.6142,3.388,Weaving amplitude,Weaving amplitude (mm),1.0,layer_partial.csv,927
Weaving amplitude_1.1249,80.000_26.000_3.000_1.125,80.0,26.0,3.0,1.1249,60.0,8,6.8962,3.2124,Weaving amplitude,Weaving amplitude (mm),1.1249,layer_partial.csv,928
Weaving amplitude_1.2501,80.000_26.000_3.000_1.250,80.0,26.0,3.0,1.2501,60.0,8,7.2049,3.0563,Weaving amplitude,Weaving amplitude (mm),1.2501,layer_partial.csv,929
Weaving amplitude_1.375,80.000_26.000_3.000_1.375,80.0,26.0,3.0,1.375,60.0,8,7.5926,2.9293,Weaving amplitude,Weaving amplitude (mm),1.375,layer_partial.csv,930
Weaving amplitude_1.4999,80.000_26.000_3.000_1.500,80.0,26.0,3.0,1.4999,60.0,8,7.8676,2.8391,Weaving amplitude,Weaving amplitude (mm),1.4999,layer_partial.csv,931
Weaving amplitude_1.6251,80.000_26.000_3.000_1.625,80.0,26.0,3.0,1.6251,60.0,8,8.2482,2.7506,Weaving amplitude,Weaving amplitude (mm),1.6251,layer_partial.csv,932
Weaving amplitude_1.75,80.000_26.000_3.000_1.750,80.0,26.0,3.0,1.75,60.0,8,8.5581,2.5813,Weaving amplitude,Weaving amplitude (mm),1.75,layer_partial.csv,933
Weaving amplitude_1.875,80.000_26.000_3.000_1.875,80.0,26.0,3.0,1.875,60.0,8,8.9337,2.5164,Weaving amplitude,Weaving amplitude (mm),1.875,layer_partial.csv,934
Weaving amplitude_2.0,80.000_26.000_3.000_2.000,80.0,26.0,3.0,2.0,60.0,8,9.2764,2.4622,Weaving amplitude,Weaving amplitude (mm),2.0,layer_partial.csv,935
Weaving amplitude_2.125,80.000_26.000_3.000_2.125,80.0,26.0,3.0,2.125,60.0,8,9.5289,2.3549,Weaving amplitude,Weaving amplitude (mm),2.125,layer_partial.csv,936
Weaving amplitude_2.25,80.000_26.000_3.000_2.250,80.0,26.0,3.0,2.25,60.0,8,10.0269,2.3311,Weaving amplitude,Weaving amplitude (mm),2.25,layer_partial.csv,937
Weaving amplitude_2.375,80.000_26.000_3.000_2.375,80.0,26.0,3.0,2.375,60.0,8,10.5236,2.2774,Weaving amplitude,Weaving amplitude (mm),2.375,layer_partial.csv,938
Weaving amplitude_2.5,80.000_26.000_3.000_2.500,80.0,26.0,3.0,2.5,60.0,8,10.7919,2.2524,Weaving amplitude,Weaving amplitude (mm),2.5,layer_partial.csv,939
Weaving amplitude_2.625,80.000_26.000_3.000_2.625,80.0,26.0,3.0,2.625,60.0,8,10.9353,2.2007,Weaving amplitude,Weaving amplitude (mm),2.625,layer_partial.csv,940
Weaving amplitude_2.75,80.000_26.000_3.000_2.750,80.0,26.0,3.0,2.75,60.0,8,11.2322,2.1819,Weaving amplitude,Weaving amplitude (mm),2.75,layer_partial.csv,941
Weaving amplitude_2.875,80.000_26.000_3.000_2.875,80.0,26.0,3.0,2.875,60.0,8,11.4908,2.1433,Weaving amplitude,Weaving amplitude (mm),2.875,layer_partial.csv,942
Weaving amplitude_3.0,80.000_26.000_3.000_3.000,80.0,26.0,3.0,3.0,60.0,8,11.7046,2.1337,Weaving amplitude,Weaving amplitude (mm),3.0,layer_partial.csv,943
Weaving amplitude_3.125,80.000_26.000_3.000_3.125,80.0,26.0,3.0,3.125,60.0,8,11.8526,2.0642,Weaving amplitude,Weaving amplitude (mm),3.125,layer_partial.csv,944
Weaving amplitude_3.25,80.000_26.000_3.000_3.250,80.0,26.0,3.0,3.25,60.0,8,12.0723,2.0548,Weaving amplitude,Weaving amplitude (mm),3.25,layer_partial.csv,945
Weaving amplitude_3.375,80.000_26.000_3.000_3.375,80.0,26.0,3.0,3.375,60.0,8,12.3949,2.0269,Weaving amplitude,Weaving amplitude (mm),3.375,layer_partial.csv,946
Weaving amplitude_3.5,80.000_26.000_3.000_3.500,80.0,26.0,3.0,3.5,60.0,8,12.6404,2.0352,Weaving amplitude,Weaving amplitude (mm),3.5,layer_partial.csv,947
Weaving amplitude_3.625,80.000_26.000_3.000_3.625,80.0,26.0,3.0,3.625,60.0,8,12.7878,1.9768,Weaving amplitude,Weaving amplitude (mm),3.625,layer_partial.csv,948
Weaving amplitude_3.75,80.000_26.000_3.000_3.750,80.0,26.0,3.0,3.75,60.0,8,12.9423,2.0,Weaving amplitude,Weaving amplitude (mm),3.75,layer_partial.csv,949
Weaving amplitude_3.875,80.000_26.000_3.000_3.875,80.0,26.0,3.0,3.875,60.0,8,13.29,1.972,Weaving amplitude,Weaving amplitude (mm),3.875,layer_partial.csv,950
Weaving amplitude_4.0,80.000_26.000_3.000_4.000,80.0,26.0,3.0,4.0,60.0,8,13.3675,1.9506,Weaving amplitude,Weaving amplitude (mm),4.0,layer_partial.csv,951
Weaving amplitude_1.0,80.000_26.000_3.000_1.000,80.0,26.0,3.0,1.0,60.0,9,6.6466,3.3477,Weaving amplitude,Weaving amplitude (mm),1.0,layer_partial.csv,952
Weaving amplitude_1.1249,80.000_26.000_3.000_1.125,80.0,26.0,3.0,1.1249,60.0,9,7.023,3.2174,Weaving amplitude,Weaving amplitude (mm),1.1249,layer_partial.csv,953
Weaving amplitude_1.2501,80.000_26.000_3.000_1.250,80.0,26.0,3.0,1.2501,60.0,9,7.2519,3.0334,Weaving amplitude,Weaving amplitude (mm),1.2501,layer_partial.csv,954
Weaving amplitude_1.375,80.000_26.000_3.000_1.375,80.0,26.0,3.0,1.375,60.0,9,7.7262,2.9302,Weaving amplitude,Weaving amplitude (mm),1.375,layer_partial.csv,955
Weaving amplitude_1.4999,80.000_26.000_3.000_1.500,80.0,26.0,3.0,1.4999,60.0,9,7.892,2.7706,Weaving amplitude,Weaving amplitude (mm),1.4999,layer_partial.csv,956
Weaving amplitude_1.6251,80.000_26.000_3.000_1.625,80.0,26.0,3.0,1.6251,60.0,9,8.4324,2.7271,Weaving amplitude,Weaving amplitude (mm),1.6251,layer_partial.csv,957
Weaving amplitude_1.75,80.000_26.000_3.000_1.750,80.0,26.0,3.0,1.75,60.0,9,8.5398,2.5934,Weaving amplitude,Weaving amplitude (mm),1.75,layer_partial.csv,958
Weaving amplitude_1.875,80.000_26.000_3.000_1.875,80.0,26.0,3.0,1.875,60.0,9,9.1289,2.4977,Weaving amplitude,Weaving amplitude (mm),1.875,layer_partial.csv,959
Weaving amplitude_2.0,80.000_26.000_3.000_2.000,80.0,26.0,3.0,2.0,60.0,9,9.3436,2.4219,Weaving amplitude,Weaving amplitude (mm),2.0,layer_partial.csv,960
Weaving amplitude_2.125,80.000_26.000_3.000_2.125,80.0,26.0,3.0,2.125,60.0,9,9.6843,2.3814,Weaving amplitude,Weaving amplitude (mm),2.125,layer_partial.csv,961
Weaving amplitude_2.25,80.000_26.000_3.000_2.250,80.0,26.0,3.0,2.25,60.0,9,10.1392,2.2922,Weaving amplitude,Weaving amplitude (mm),2.25,layer_partial.csv,962
Weaving amplitude_2.375,80.000_26.000_3.000_2.375,80.0,26.0,3.0,2.375,60.0,9,10.5267,2.2271,Weaving amplitude,Weaving amplitude (mm),2.375,layer_partial.csv,963
Weaving amplitude_2.5,80.000_26.000_3.000_2.500,80.0,26.0,3.0,2.5,60.0,9,10.7946,2.2235,Weaving amplitude,Weaving amplitude (mm),2.5,layer_partial.csv,964
Weaving amplitude_2.625,80.000_26.000_3.000_2.625,80.0,26.0,3.0,2.625,60.0,9,11.1248,2.1728,Weaving amplitude,Weaving amplitude (mm),2.625,layer_partial.csv,965
Weaving amplitude_2.75,80.000_26.000_3.000_2.750,80.0,26.0,3.0,2.75,60.0,9,11.2226,2.1402,Weaving amplitude,Weaving amplitude (mm),2.75,layer_partial.csv,966
Weaving amplitude_2.875,80.000_26.000_3.000_2.875,80.0,26.0,3.0,2.875,60.0,9,11.5161,2.1298,Weaving amplitude,Weaving amplitude (mm),2.875,layer_partial.csv,967
Weaving amplitude_3.0,80.000_26.000_3.000_3.000,80.0,26.0,3.0,3.0,60.0,9,11.6597,2.0696,Weaving amplitude,Weaving amplitude (mm),3.0,layer_partial.csv,968
Weaving amplitude_3.125,80.000_26.000_3.000_3.125,80.0,26.0,3.0,3.125,60.0,9,11.8353,2.0653,Weaving amplitude,Weaving amplitude (mm),3.125,layer_partial.csv,969
Weaving amplitude_3.25,80.000_26.000_3.000_3.250,80.0,26.0,3.0,3.25,60.0,9,12.1563,2.0348,Weaving amplitude,Weaving amplitude (mm),3.25,layer_partial.csv,970
Weaving amplitude_3.375,80.000_26.000_3.000_3.375,80.0,26.0,3.0,3.375,60.0,9,12.3224,2.0044,Weaving amplitude,Weaving amplitude (mm),3.375,layer_partial.csv,971
Weaving amplitude_3.5,80.000_26.000_3.000_3.500,80.0,26.0,3.0,3.5,60.0,9,12.6647,1.9906,Weaving amplitude,Weaving amplitude (mm),3.5,layer_partial.csv,972
Weaving amplitude_3.625,80.000_26.000_3.000_3.625,80.0,26.0,3.0,3.625,60.0,9,12.9405,1.9923,Weaving amplitude,Weaving amplitude (mm),3.625,layer_partial.csv,973
Weaving amplitude_3.75,80.000_26.000_3.000_3.750,80.0,26.0,3.0,3.75,60.0,9,13.0855,1.9605,Weaving amplitude,Weaving amplitude (mm),3.75,layer_partial.csv,974
Weaving amplitude_3.875,80.000_26.000_3.000_3.875,80.0,26.0,3.0,3.875,60.0,9,13.2441,1.9305,Weaving amplitude,Weaving amplitude (mm),3.875,layer_partial.csv,975
Weaving amplitude_4.0,80.000_26.000_3.000_4.000,80.0,26.0,3.0,4.0,60.0,9,13.4532,1.9295,Weaving amplitude,Weaving amplitude (mm),4.0,layer_partial.csv,976
Weaving amplitude_1.0,80.000_26.000_3.000_1.000,80.0,26.0,3.0,1.0,60.0,10,6.6737,3.34,Weaving amplitude,Weaving amplitude (mm),1.0,layer_partial.csv,977
Weaving amplitude_1.1249,80.000_26.000_3.000_1.125,80.0,26.0,3.0,1.1249,60.0,10,7.0106,3.1883,Weaving amplitude,Weaving amplitude (mm),1.1249,layer_partial.csv,978
Weaving amplitude_1.2501,80.000_26.000_3.000_1.250,80.0,26.0,3.0,1.2501,60.0,10,7.3609,3.0058,Weaving amplitude,Weaving amplitude (mm),1.2501,layer_partial.csv,979
Weaving amplitude_1.375,80.000_26.000_3.000_1.375,80.0,26.0,3.0,1.375,60.0,10,7.7406,2.8923,Weaving amplitude,Weaving amplitude (mm),1.375,layer_partial.csv,980
Weaving amplitude_1.4999,80.000_26.000_3.000_1.500,80.0,26.0,3.0,1.4999,60.0,10,8.0606,2.7957,Weaving amplitude,Weaving amplitude (mm),1.4999,layer_partial.csv,981
Weaving amplitude_1.6251,80.000_26.000_3.000_1.625,80.0,26.0,3.0,1.6251,60.0,10,8.2924,2.641,Weaving amplitude,Weaving amplitude (mm),1.6251,layer_partial.csv,982
Weaving amplitude_1.75,80.000_26.000_3.000_1.750,80.0,26.0,3.0,1.75,60.0,10,8.6297,2.5572,Weaving amplitude,Weaving amplitude (mm),1.75,layer_partial.csv,983
Weaving amplitude_1.875,80.000_26.000_3.000_1.875,80.0,26.0,3.0,1.875,60.0,10,9.139,2.4961,Weaving amplitude,Weaving amplitude (mm),1.875,layer_partial.csv,984
Weaving amplitude_2.0,80.000_26.000_3.000_2.000,80.0,26.0,3.0,2.0,60.0,10,9.5319,2.4046,Weaving amplitude,Weaving amplitude (mm),2.0,layer_partial.csv,985
Weaving amplitude_2.125,80.000_26.000_3.000_2.125,80.0,26.0,3.0,2.125,60.0,10,9.7542,2.3451,Weaving amplitude,Weaving amplitude (mm),2.125,layer_partial.csv,986
Weaving amplitude_2.25,80.000_26.000_3.000_2.250,80.0,26.0,3.0,2.25,60.0,10,10.171,2.3325,Weaving amplitude,Weaving amplitude (mm),2.25,layer_partial.csv,987
Weaving amplitude_2.375,80.000_26.000_3.000_2.375,80.0,26.0,3.0,2.375,60.0,10,10.6157,2.2164,Weaving amplitude,Weaving amplitude (mm),2.375,layer_partial.csv,988
Weaving amplitude_2.5,80.000_26.000_3.000_2.500,80.0,26.0,3.0,2.5,60.0,10,10.9653,2.22,Weaving amplitude,Weaving amplitude (mm),2.5,layer_partial.csv,989
Weaving amplitude_2.625,80.000_26.000_3.000_2.625,80.0,26.0,3.0,2.625,60.0,10,11.1702,2.1418,Weaving amplitude,Weaving amplitude (mm),2.625,layer_partial.csv,990
Weaving amplitude_2.75,80.000_26.000_3.000_2.750,80.0,26.0,3.0,2.75,60.0,10,11.3042,2.1005,Weaving amplitude,Weaving amplitude (mm),2.75,layer_partial.csv,991
Weaving amplitude_2.875,80.000_26.000_3.000_2.875,80.0,26.0,3.0,2.875,60.0,10,11.5544,2.0588,Weaving amplitude,Weaving amplitude (mm),2.875,layer_partial.csv,992
Weaving amplitude_3.0,80.000_26.000_3.000_3.000,80.0,26.0,3.0,3.0,60.0,10,11.8117,2.0603,Weaving amplitude,Weaving amplitude (mm),3.0,layer_partial.csv,993
Weaving amplitude_3.125,80.000_26.000_3.000_3.125,80.0,26.0,3.0,3.125,60.0,10,11.9781,2.0414,Weaving amplitude,Weaving amplitude (mm),3.125,layer_partial.csv,994
Weaving amplitude_3.25,80.000_26.000_3.000_3.250,80.0,26.0,3.0,3.25,60.0,10,12.4619,2.0207,Weaving amplitude,Weaving amplitude (mm),3.25,layer_partial.csv,995
Weaving amplitude_3.375,80.000_26.000_3.000_3.375,80.0,26.0,3.0,3.375,60.0,10,12.4548,1.9893,Weaving amplitude,Weaving amplitude (mm),3.375,layer_partial.csv,996
Weaving amplitude_3.5,80.000_26.000_3.000_3.500,80.0,26.0,3.0,3.5,60.0,10,12.7663,2.0019,Weaving amplitude,Weaving amplitude (mm),3.5,layer_partial.csv,997
Weaving amplitude_3.625,80.000_26.000_3.000_3.625,80.0,26.0,3.0,3.625,60.0,10,12.8873,1.9571,Weaving amplitude,Weaving amplitude (mm),3.625,layer_partial.csv,998
Weaving amplitude_3.75,80.000_26.000_3.000_3.750,80.0,26.0,3.0,3.75,60.0,10,13.2248,1.9737,Weaving amplitude,Weaving amplitude (mm),3.75,layer_partial.csv,999
Weaving amplitude_3.875,80.000_26.000_3.000_3.875,80.0,26.0,3.0,3.875,60.0,10,13.2937,1.914,Weaving amplitude,Weaving amplitude (mm),3.875,layer_partial.csv,1000
Weaving amplitude_4.0,80.000_26.000_3.000_4.000,80.0,26.0,3.0,4.0,60.0,10,13.6675,1.917,Weaving amplitude,Weaving amplitude (mm),4.0,layer_partial.csv,1001
Cooling time_0.0,80.000_26.000_3.000_3.000,80.0,26.0,3.0,3.0,0.0,1,10.4522,2.2751,Cooling time,Interlayer cooling time (s),0.0,layer_partial.csv,1002
Cooling time_20.0,80.000_26.000_3.000_3.000,80.0,26.0,3.0,3.0,20.0,1,10.2781,2.3439,Cooling time,Interlayer cooling time (s),20.0,layer_partial.csv,1003
Cooling time_40.0,80.000_26.000_3.000_3.000,80.0,26.0,3.0,3.0,40.0,1,10.1854,2.4032,Cooling time,Interlayer cooling time (s),40.0,layer_partial.csv,1004
Cooling time_60.0,80.000_26.000_3.000_3.000,80.0,26.0,3.0,3.0,60.0,1,10.1466,2.4245,Cooling time,Interlayer cooling time (s),60.0,layer_partial.csv,1005
Cooling time_80.0,80.000_26.000_3.000_3.000,80.0,26.0,3.0,3.0,80.0,1,10.0986,2.4409,Cooling time,Interlayer cooling time (s),80.0,layer_partial.csv,1006
Cooling time_0.0,80.000_26.000_3.000_3.000,80.0,26.0,3.0,3.0,0.0,2,10.5009,2.2567,Cooling time,Interlayer cooling time (s),0.0,layer_partial.csv,1007
Cooling time_20.0,80.000_26.000_3.000_3.000,80.0,26.0,3.0,3.0,20.0,2,10.3372,2.3395,Cooling time,Interlayer cooling time (s),20.0,layer_partial.csv,1008
Cooling time_40.0,80.000_26.000_3.000_3.000,80.0,26.0,3.0,3.0,40.0,2,10.2307,2.3963,Cooling time,Interlayer cooling time (s),40.0,layer_partial.csv,1009
Cooling time_60.0,80.000_26.000_3.000_3.000,80.0,26.0,3.0,3.0,60.0,2,10.1677,2.4226,Cooling time,Interlayer cooling time (s),60.0,layer_partial.csv,1010
Cooling time_80.0,80.000_26.000_3.000_3.000,80.0,26.0,3.0,3.0,80.0,2,10.1249,2.4354,Cooling time,Interlayer cooling time (s),80.0,layer_partial.csv,1011
Cooling time_0.0,80.000_26.000_3.000_3.000,80.0,26.0,3.0,3.0,0.0,3,10.5525,2.2403,Cooling time,Interlayer cooling time (s),0.0,layer_partial.csv,1012
Cooling time_20.0,80.000_26.000_3.000_3.000,80.0,26.0,3.0,3.0,20.0,3,10.3755,2.32,Cooling time,Interlayer cooling time (s),20.0,layer_partial.csv,1013
Cooling time_40.0,80.000_26.000_3.000_3.000,80.0,26.0,3.0,3.0,40.0,3,10.2704,2.3762,Cooling time,Interlayer cooling time (s),40.0,layer_partial.csv,1014
Cooling time_60.0,80.000_26.000_3.000_3.000,80.0,26.0,3.0,3.0,60.0,3,10.1695,2.4107,Cooling time,Interlayer cooling time (s),60.0,layer_partial.csv,1015
Cooling time_80.0,80.000_26.000_3.000_3.000,80.0,26.0,3.0,3.0,80.0,3,10.1124,2.4324,Cooling time,Interlayer cooling time (s),80.0,layer_partial.csv,1016
Cooling time_0.0,80.000_26.000_3.000_3.000,80.0,26.0,3.0,3.0,0.0,4,10.6364,2.2207,Cooling time,Interlayer cooling time (s),0.0,layer_partial.csv,1017
Cooling time_20.0,80.000_26.000_3.000_3.000,80.0,26.0,3.0,3.0,20.0,4,10.427,2.3049,Cooling time,Interlayer cooling time (s),20.0,layer_partial.csv,1018
Cooling time_40.0,80.000_26.000_3.000_3.000,80.0,26.0,3.0,3.0,40.0,4,10.3175,2.3658,Cooling time,Interlayer cooling time (s),40.0,layer_partial.csv,1019
Cooling time_60.0,80.000_26.000_3.000_3.000,80.0,26.0,3.0,3.0,60.0,4,10.209,2.397,Cooling time,Interlayer cooling time (s),60.0,layer_partial.csv,1020
Cooling time_80.0,80.000_26.000_3.000_3.000,80.0,26.0,3.0,3.0,80.0,4,10.1357,2.4325,Cooling time,Interlayer cooling time (s),80.0,layer_partial.csv,1021
Cooling time_0.0,80.000_26.000_3.000_3.000,80.0,26.0,3.0,3.0,0.0,5,10.687,2.1918,Cooling time,Interlayer cooling time (s),0.0,layer_partial.csv,1022
Cooling time_20.0,80.000_26.000_3.000_3.000,80.0,26.0,3.0,3.0,20.0,5,10.4917,2.3004,Cooling time,Interlayer cooling time (s),20.0,layer_partial.csv,1023
Cooling time_40.0,80.000_26.000_3.000_3.000,80.0,26.0,3.0,3.0,40.0,5,10.3622,2.3533,Cooling time,Interlayer cooling time (s),40.0,layer_partial.csv,1024
Cooling time_60.0,80.000_26.000_3.000_3.000,80.0,26.0,3.0,3.0,60.0,5,10.2225,2.3901,Cooling time,Interlayer cooling time (s),60.0,layer_partial.csv,1025
Cooling time_80.0,80.000_26.000_3.000_3.000,80.0,26.0,3.0,3.0,80.0,5,10.1671,2.4128,Cooling time,Interlayer cooling time (s),80.0,layer_partial.csv,1026
Cooling time_0.0,80.000_26.000_3.000_3.000,80.0,26.0,3.0,3.0,0.0,6,10.759,2.1802,Cooling time,Interlayer cooling time (s),0.0,layer_partial.csv,1027
Cooling time_20.0,80.000_26.000_3.000_3.000,80.0,26.0,3.0,3.0,20.0,6,10.5209,2.275,Cooling time,Interlayer cooling time (s),20.0,layer_partial.csv,1028
Cooling time_40.0,80.000_26.000_3.000_3.000,80.0,26.0,3.0,3.0,40.0,6,10.3865,2.3391,Cooling time,Interlayer cooling time (s),40.0,layer_partial.csv,1029
Cooling time_60.0,80.000_26.000_3.000_3.000,80.0,26.0,3.0,3.0,60.0,6,10.2772,2.3838,Cooling time,Interlayer cooling time (s),60.0,layer_partial.csv,1030
Cooling time_80.0,80.000_26.000_3.000_3.000,80.0,26.0,3.0,3.0,80.0,6,10.2019,2.4123,Cooling time,Interlayer cooling time (s),80.0,layer_partial.csv,1031
Cooling time_0.0,80.000_26.000_3.000_3.000,80.0,26.0,3.0,3.0,0.0,7,10.8189,2.1596,Cooling time,Interlayer cooling time (s),0.0,layer_partial.csv,1032
Cooling time_20.0,80.000_26.000_3.000_3.000,80.0,26.0,3.0,3.0,20.0,7,10.5749,2.2605,Cooling time,Interlayer cooling time (s),20.0,layer_partial.csv,1033
Cooling time_40.0,80.000_26.000_3.000_3.000,80.0,26.0,3.0,3.0,40.0,7,10.4174,2.3289,Cooling time,Interlayer cooling time (s),40.0,layer_partial.csv,1034
Cooling time_60.0,80.000_26.000_3.000_3.000,80.0,26.0,3.0,3.0,60.0,7,10.3027,2.3806,Cooling time,Interlayer cooling time (s),60.0,layer_partial.csv,1035
Cooling time_80.0,80.000_26.000_3.000_3.000,80.0,26.0,3.0,3.0,80.0,7,10.2347,2.4122,Cooling time,Interlayer cooling time (s),80.0,layer_partial.csv,1036
Cooling time_0.0,80.000_26.000_3.000_3.000,80.0,26.0,3.0,3.0,0.0,8,10.8666,2.1329,Cooling time,Interlayer cooling time (s),0.0,layer_partial.csv,1037
Cooling time_20.0,80.000_26.000_3.000_3.000,80.0,26.0,3.0,3.0,20.0,8,10.6207,2.249,Cooling time,Interlayer cooling time (s),20.0,layer_partial.csv,1038
Cooling time_40.0,80.000_26.000_3.000_3.000,80.0,26.0,3.0,3.0,40.0,8,10.4583,2.3138,Cooling time,Interlayer cooling time (s),40.0,layer_partial.csv,1039
Cooling time_60.0,80.000_26.000_3.000_3.000,80.0,26.0,3.0,3.0,60.0,8,10.3104,2.3748,Cooling time,Interlayer cooling time (s),60.0,layer_partial.csv,1040
Cooling time_80.0,80.000_26.000_3.000_3.000,80.0,26.0,3.0,3.0,80.0,8,10.2118,2.4123,Cooling time,Interlayer cooling time (s),80.0,layer_partial.csv,1041
Cooling time_0.0,80.000_26.000_3.000_3.000,80.0,26.0,3.0,3.0,0.0,9,10.9478,2.12,Cooling time,Interlayer cooling time (s),0.0,layer_partial.csv,1042
Cooling time_20.0,80.000_26.000_3.000_3.000,80.0,26.0,3.0,3.0,20.0,9,10.7132,2.2215,Cooling time,Interlayer cooling time (s),20.0,layer_partial.csv,1043
Cooling time_40.0,80.000_26.000_3.000_3.000,80.0,26.0,3.0,3.0,40.0,9,10.5137,2.2979,Cooling time,Interlayer cooling time (s),40.0,layer_partial.csv,1044
Cooling time_60.0,80.000_26.000_3.000_3.000,80.0,26.0,3.0,3.0,60.0,9,10.352,2.3634,Cooling time,Interlayer cooling time (s),60.0,layer_partial.csv,1045
Cooling time_80.0,80.000_26.000_3.000_3.000,80.0,26.0,3.0,3.0,80.0,9,10.2606,2.4021,Cooling time,Interlayer cooling time (s),80.0,layer_partial.csv,1046
Cooling time_0.0,80.000_26.000_3.000_3.000,80.0,26.0,3.0,3.0,0.0,10,11.0068,2.1002,Cooling time,Interlayer cooling time (s),0.0,layer_partial.csv,1047
Cooling time_20.0,80.000_26.000_3.000_3.000,80.0,26.0,3.0,3.0,20.0,10,10.731,2.2136,Cooling time,Interlayer cooling time (s),20.0,layer_partial.csv,1048
Cooling time_40.0,80.000_26.000_3.000_3.000,80.0,26.0,3.0,3.0,40.0,10,10.5521,2.28,Cooling time,Interlayer cooling time (s),40.0,layer_partial.csv,1049
Cooling time_60.0,80.000_26.000_3.000_3.000,80.0,26.0,3.0,3.0,60.0,10,10.3719,2.351,Cooling time,Interlayer cooling time (s),60.0,layer_partial.csv,1050
Cooling time_80.0,80.000_26.000_3.000_3.000,80.0,26.0,3.0,3.0,80.0,10,10.28,2.3945,Cooling time,Interlayer cooling time (s),80.0,layer_partial.csv,1051
